,channel
1,NNG ᄂᄂᄀ
2,법륜스님의 즉문즉설
3,법륜스님의 희망세상만들기
4,조선일보
5,너알아TV-
6,CGNTV
7,BJ톨
8,CBSJOY
9,cpbc TV_가톨릭콘텐츠의 모든것
10,너만몰라TV
11,김흥광튜브
12,허경영강연짤
13,강철환TV
14,분당우리교회
15,BBS불교방송
16,세브란스
17,Christian Live Televisionᅵ 기독교 방송
18,굿네이버스
19,서울시 · Seoul
20,닥터벤데타
21,선한목자교회
22,대한의사협회
23,11HN 성서연구원
24,말씀의 검
25,CTS기독교TV
26,SereneSky[적천]
27,민더월드MINTHEWORLD
28,대안TV
29,돈 되는 복지채널
30,충주시
31,한성교회 Happy People
32,Holy Tube
33,FTNER
34,Brad TV
35,장군의소리 Voice of Generals
36,마라나타 TV
37,KNOCK노크
38,"외교부 Ministry of Foreign Affairs, Korea"
39,제자광성교회
40,21일간 열방과 함께하는 다니엘기도회
41,연세중앙교회 Yonsei Central Baptist Church
42,자로네티즌 수사대
43,Google Korea
44,두레김진홍
45,amitaba3
46,이상이TV
47,CGNTV SOON
48,PRAN-프란
49,전대협
50,국민통일방송_Unification Media Group
51,이선우찬양의샘
52,시대지성 에스더
53,마지막사명
54,초록우산 어린이재단
55,[전세계 TV] World All TV
56,사무엘TV
57,행정안전부
58,정민우TV
59,사랑의교회
60,신천지예수교증거장막성전
61,이종현
62,던밀스의 디디알
63,손기철장로 말씀치유집회
64,온누리교회
65,공감tv
66,Raxxo
67,사랑하는교회 TV
68,장연록
69,애국화가윤에스더PDTV
70,HMBC
71,KGC인삼공사 공식 유튜브 삼삶스토리
72,CTS 밀레니엄특강
73,VANK
74,TV노노노
75,기린TV
76,최진석의 새말새몸짓
77,민족문제연구소
78,인터넷수지선한목자교회
79,극동방송
80,민주언론시민연합
81,우리들교회
82,AdQUA interactive
83,나이스TV승혁
84,BonBon V
85,BJ오작교
86,금사빠TV
87,범죄사냥꾼
88,여의도순복음교회(Yoido Full Gospel Church)
89,황금가면[Golden Mask]
90,New Amzing
91,식품의약품안전처(MFDS)
92,GOODTV
93,취미편집자
94,JBSL
95,크리스천 신앙가이드
96,HWPL
97,김용의TV
98,대한사랑
99,LH티비 내티비
100,울산대영교회
101,만나 미디어교회
102,깨어있는대구시민들
103,미션라이프
104,불광미디어
105,Kay Jeong
106,SamilChurch삼일교회
107,인천 마가의 다락방
108,815광복TV [청교도 복음채널]
109,CCC
110,통일부UNITV
111,붓싼뉴스 - 부산광역시 공식 유튜브 채널
112,GoodNewsTV
113,수영로교회 Sooyoungro Church
114,정말된다/정말잘돼/GwangDeokTemple
115,불교방송 절로TV
116,서울서머나교회
117,CompassionKR
118,I Love God
119,꿈의교회 DREAM CHURCH
120,나쁜부동산
121,국민건강보험공단
122,중보기도 콜링갓
123,THE CROSS CHURCH
124,김온유
125,Eun Pa
126,무속TV 시즌2
127,Harpajo TV
128,hwa bi Jung
129,왕의 대로King's Highway
130,반야월교회
131,한국은행
132,Church of God NEWS
133,자유연대
134,yeju-linedance
135,문화포털
136,공동체 성경 읽기 PRS
137,대한민국 해군 Republic of Korea Navy
138,25만 금사모 tv김재헌
139,지구촌교회
140,금욕학개론
141,WLI & HIM KOREA
142,하봉길감독
143,빛의자녀교회김형민 목사
144,uoong-yel kim
145,하태진
146,CGNTV 나침반
147,이세대가가기전에
148,한성주시사브리핑HSC
149,성경공방
150,YDFC
151,주사랑공동체베이비박스
152,Pneuma Worship
153,허들HER:DLE
154,법륜스님과 함께하는 행복TV
155,파워특강CBS
156,랑둥
157,국가보훈처
158,인터콥 선교캠프
159,강남불교대학
160,해탈解脫
161,자유대한호국단
162,대조선삼한역사학회
163,삼성산피정의집
164,국민체육진흥공단
165,tv하영아빠
166,인터넷한가족교회
167,김웅렬 신부님 강론
168,UNICEF KOREA
169,조유경 Youky
170,세월호참사국민대책회의
171,medicalkorea
172,우길고
173,코뿔소 TV 서울김포영광교회Gimpo Glory Church
174,정택주Paul Jeong
175,김찬휘TV
176,가정선교회The Holy Family Mission
177,제따와나선원
178,오상철
179,jungtoTV
180,pauline books & media
181,청어람ARMC
182,생명의말씀선교회
183,wedarak
184,에스더기도운동
185,김요한 채널
186,오직예수
187,오병로TV
188,자이원배 짱TV
189,"우정사업본부,우체국"
190,11HN 기독교방송
191,KORADFEM IN THE WORLD
192,민준성
193,키 큰 남자의 세끼a Tall man’s three meals
194,말씀공부
195,온누리교회 대학청년
196,종교
197,다문화TV
198,예배사역이야기류세종
199,월드비전 World Vision Korea
200,번개탄TV
201,서울개인택시운송사업조합
202,119안방
203,포도원교회
204,띵장*
205,도진군
206,6차원 존재 에이리쉬
207,thetoanend
208,로이엘
209,이계성TV
210,ourdailybread
211,국가인권위원회
212,마봉춘
213,채널세븐
214,uccspace korea
215,생명의말씀선교회생방송
216,Cry and Laugh Together
217,HTBC TV
218,KCNTV한중방송 韩中广播电视
219,한화그룹
220,가톨릭TV
221,CGNTV 블레싱 한반도
222,Korean Food Promotion Institute
223,바로알기 - GET it RIGHT
224,Se-Hyung Cho
225,815광복TV [종합채널]
226,chanmi worship찬미워십
227,MaxAttilio Korea instrumental 맥시아띨리오
228,sung sep
229,예수통신 VOX MISSION
230,이단상담정진영목사
231,한마음한몸운동본부
232,오르다 orda
233,와이비
234,EPFC은평제일교회
235,샘깊은교회
236,쌔라튜브[적십자]
237,유니킴
238,새로운교회
239,전라도의딸[전딸TV]
240,어나니머스
241,j E
242,제네바 개혁교회TV
243,성경암송학교TV
244,truecross777
245,청파교회
246,mediainnews
247,국가미래연구원
248,TOWministry
249,tv cody
250,울산온양순복음교회
