,channel
1,EBSDocumentary (EBS 다큐)
2,야미보이 Yummyboy
3,푸디보이 FoodieBoy
4,코이티비KOITV
5,ETTV 이티티비
6,Sophie Kim _하은
7,The Tea Party
8,KoreAinArabiC
9,Rio y Christian
10,Soon Films
11,여락이들_
12,시리TV Shili
13,엘리가 간다
14,EBS 컬렉션 - 라이프스타일
15,초마드 CHOMAD
16,빠니보틀 Pani Bottle
17,Hi A Day
18,여행에미치다-Travelholic
19,IU
20,푸드킹덤 Food Kingdom
21,맛있겠다 Yummy
22,Tasty Travel 테이스티 트래블
23,PIPIO TV
24,Arty and Banana아티엔바나나
25,Aaron and Claire
26,딩고 트래블 / dingo travel
27,Mr BulBul
28,VisitSeoul TV
29,큰세상약초TV
30,비보이의 세계일주[Bruce Lee TV]
31,Ye Lim 오늘은 예림
32,도토리TV Dotori TV
33,갓성은
34,쏘이Soy The World
35,게릴라
36,韓國歐巴/韩国欧巴 Korean Brothers
37,CampingCarJoa
38,wannabe_bora
39,Subin Pailk
40,channel CKOONY
41,부부젤라bubujella
42,PINAY TV한필커플 피나이티비
43,스팍의 세계일주[SPAX]
44,Imagine your Korea
45,[bj민성]민짱테레비
46,KBS여행 걸어서 세계속으로
47,하나네 가족 Hana's family
48,한국여행추천TV
49,현대카드
50,ye jin
51,HongGoGo
52,대한항공 (Korean Air)
53,진상처리반 [jinsang TV]
54,보물창고TV
55,제주로드
56,Aashish & Nahee
57,ЖИЗНЬ В КОРЕЕ
58,구찌커플TV
59,푸드월드 Korean Street food
60,ลูกข้าวเหนียว ฮักบ้านนา
61,힐링여행자
62,Mulya Yanza
63,캠핑제국
64,신아로미 seen aromi
65,트래블 푸드Travel Food
66,Cherish Unni
67,Tooth Breaker
68,미니멀유목민
69,Been 이빈
70,세계일주 용진캠프[ DragonZin ]
71,빅씨 여행기
72,솔잎이네 육아일기
73,하하 PD HAHA PD
74,Railboy
75,이보다 leeboba
76,디토이DITHOI
77,킴스트래블 Kim's Travel
78,4시
79,예쁜글씨
80,방구석TV
81,팔자좋은은아언니
82,래춘씨 생존기
83,박소룡
84,빵마
85,츄릅켠
86,여행가Jay [Jay world traveler]
87,여행자메이 [Traveler May]
88,"세나, 집순이의 세계여행 SENA"
89,프레스티지고릴라
90,강차분PD
91,Sugeng Azka
92,가담GaDam
93,함백산도깨비
94,준식이 joonsigi
95,Büşra Köse
96,wOw Food
97,계곡은개골개골
98,또 떠나는 남자
99,임한량 YHR TV
100,미라 Mira
101,대중교통 영상 공작소
102,아일랜드 트래블러
103,Incheon Airport
104,blank
105,AVYN Official
106,TravelingNat
107,댄신괴물율무
108,Rambler Korea
109,엄지 Thumb K
110,Brandon Jacob
111,YangJooYeon양주연
112,이쿤의 아로마마사지 & 왁싱Aromatherapist LK
113,부산사랑-ぷさんさらん-
114,츄삐 chupi
115,MingMing
116,바버TV-캠핑시행착오공유
117,PITI TV 삐띠 ปิติ
118,박시나
119,[큐지] Qrious Gourmet
120,Блондинка в Корее
121,Seoul Walker
122,심재희
123,곽튜브KWAKTUBE
124,필리핀 한량 hanRyang
125,천천히 세계여행 앤젤리나_Angelina_lee
126,공원생활 / ParkLife
127,SG wannabe
128,선아리랑
129,황도이장
130,ONT [아웃도어X여행]
131,Streetchew 스트릿츄
132,필브로의 필리핀 생존기
133,트립콤파니
134,MAYO FOOD
135,여행125
136,혼술마루
137,웅교
138,디디채널 DIDI
139,버거킹
140,ppeppe 빼빼가족
141,몽골사는JP
142,보물섬AD
143,골드쿠폰
144,찐찐
145,SuzieQ 수지큐
146,채니아빠
147,IMEAT TV아임잇티비
148,까로나캄보디아
149,꽃보다패밀리camping
150,Zarla HY 사랑해
151,DAESAN -대산
152,백수세끼 [Baeksu's TV]
153,조은하루
154,VISITKOREA
155,피기보이 PiggyBoy
156,사랑방tv
157,국토교통부
158,백색소음
159,FoodBull푸드불
160,병맛마스터 DummyMaster
161,Heyday헤이데이
162,국제아재International uncle
163,waYoo :와유
164,Rirang OnAir
165,[생존예언TV] Prophecy of Korea
166,캠핑플러스 Camping Plus
167,PICNICAMP 감성채널
168,이호fan art
169,wineking 와인킹
170,피플 채널 Q
171,여행스케치Travel Sketch
172,와이케이채널 / YKchannel
173,Velvet Tube 벨벳튜브
174,방바닥TV
175,쿠아 QUA
176,선희장
177,여행하는 사방[SaBang]
178,야놀자
179,coreanoporgusto
180,캠핑쥐campingG
181,다강남매TV
182,베트남스토리TV
183,도란코tv
184,제주살이 쥬리에뜨
185,이화쓰 EHWA'S
186,잘나가는후추씨
187,지금하동TV
188,자연과부부 The nature and couple
189,동네형 PIKI BROS
190,마리라이프 Mari Life
191,우즈벡 라이프 UZBEK LIFE 우라티비
192,케이수환
193,TOP VIETNAM
194,푸디타임 FoodieTime
195,AIRBUSAN
196,queensoo
197,THE CARAVAN TV
198,GoGoMong고고몽
199,다으나Daeuna
200,창수오 SooOh Foo:D
201,TeddyTravelog 테디여행기
202,땅땅tv
203,Wonjoon Chee
204,유나니조은날 Yunani
205,SarahsSeoulSearch 맥사라 孟欣怡
206,양뚜네TV모녀캠퍼
207,사랑애
208,케이팝 뉴스
209,Daveys Cakes
210,윤태식
211,욱빠TV
212,ain hawaii
213,조항태
214,King Food 킹푸드
215,Yummy Go 야미고
216,Work World
217,밍동
218,커플특공대CoupleSF
219,양지드림부동산[Dream]
220,한그릇브라더스TV
221,마카오권macaukwon
222,캠낚세끼 camping & fishing
223,TJ Sam
224,GoodNewsTV
225,Harmonizeᅵ하모나이즈
226,제주항공 JEJUAIR
227,충주부동산 TV
228,디지틀조선일보
229,한량부부
230,모든다큐TV
231,Bong Nam Brother
232,kyoung mo hong
233,트래블러 Traveler
234,Tastes Seoul Good테이스트서울굿
235,Coreana bajita 꼬바
236,506020인트레블
237,명랑가족
238,Asiana Airlines (아시아나항공)
239,감미TV
240,안녕허마마Helloheomama
241,Vanlife Korea 수향
242,NULL
243,지평선
244,777Likes
245,Foodie Boy
246,HOSUNG
247,여행하는 낭만부부
248,플라잉웨일 [캠핑카&여행]
249,솔라독 Solardog
250,지오캠프 GIOCAMP
