,channel
1,Boram Tube ToysReview [보람튜브 토이리뷰]
2,Jane ASMR 제인
3,Hongyu ASMR 홍유
4,문복희 Eat with Boki
5,백종원의 요리비책 Paik's Cuisine
6,떵개떵
7,MAMAMOO
8,Stray Kids
9,까니짱 [ G-NI ]
10,마슈토이 Mashu ToysReview
11,백현 Baekhyun
12,FRAN
13,양수빈
14,tzuyang쯔양
15,설기양SULGI
16,JaeYeol ASMR 재열
17,유디티TV
18,채널 NCT DAILY
19,밴쯔
20,솔라시도 solarsido
21,Romiyu Vlog로미유 브이로그
22,Daud Kim
23,Hamtaro Gasa
24,The World of Dave데이브
25,뉴욕이랑 놀자
26,진용진
27,감스트GAMST
28,[Nareum_TV] 나름TV
29,슈기님
30,ASMR Suna 꿀꿀선아
31,해그린달 haegreendal
32,NCT DREAM
33,Machine Man
34,칩chip
35,ARIKITCHEN (아리키친)
36,흥삼
37,정선호
38,교광TV
39,뉴욕이랑 브이로그
40,Donam도남이먹방
41,애주가TV참PD
42,NALU
43,조효진 HYOJIN
44,BLACKHAND
45,Yongsworld
46,탱구TV
47,SHINee
48,Zoe's 조에
49,DAY6
50,ZOEY ASMR 조이
51,สะใภ้เกาหลี by korean
52,JAYKEEOUT x VWVB
53,International Couple[사샤와 제이]
54,송대익 songdaeik
55,입짧은햇님
56,DOJIN도진이
57,산적TV 밥굽남
58,SOF
59,EVERGLOW
60,Kimbab Family
61,신세경 sjkuksee
62,ondo온도
63,릴카
64,YEWON TV
65,Boram Tube Friends
66,Jimmy ASMR
67,진성호방송
68,배꼽빌라
69,eaJ
70,이환
71,Coreaníssima 엘레나
72,크집사
73,남순NS
74,디렉터 파이
75,한별Hanbyul
76,StimBoy스팀보이
77,jannahkorea
78,지현꿍
79,뽐뽐뽐
80,띠예
81,Jella젤라
82,areumsongee아름송이
83,슈스스TV
84,Megan Bowen
85,윰댕(yum-cast)
86,한예슬 is
87,asmr choa
88,율이 TV [Yuli TV]
89,봉길이 Bonggil
90,BenDeen
91,Sunny Funny Fitness
92,Sophie Kim _하은
93,sunnydahye
94,체인지 그라운드
95,헤이즐 Heizle
96,수빙수tv sooBingsoo
97,Noona Rosa
98,Fantastic Family
99,Bandung Oppa 반둥오빠
100,헌터퐝
101,먹어볼래TryToEat
102,The Tea Party
103,ErnaLimdaugh
104,Ha Neul오늘의 하늘
105,로즈하ROSEHA
106,뿌직PPUJIG
107,love korea
108,Reyong ASMR 리용
109,슛뚜sueddu
110,KyunghaMIN ТВОЯ КОРЕЙСКАЯ ОННИ
111,SISSEL
112,강민경
113,가르마[GARMA]
114,Elina Karimova_리나대장님
115,Dear.Jérry 디어제리
116,밀라논나 Milanonna
117,LESA ASMR 레사
118,김태우TV
119,• m i n a m o c h i •
120,예씨 yessii
121,강유미 yumi kang좋아서 하는 채널
122,서넹
123,CY Park
124,영기TV
125,서담SEODAM
126,쌈바홍 ssambahong
127,sini시니
128,임창정
129,샒의 삶Serim's life
130,바다곰조해웅SeaBear
131,도영도영이
132,순이 엄마SUNI MOM
133,tweety 트위티
134,SOHYEON 소현
135,PRODUSORN
136,여락이들_
137,[Flower pig]꽃돼지
138,Yura ASMR 유라
139,박서아TV
140,오마르의 삶
141,PRUMIR
142,Miniyu ASMR
143,쿠캣 - COOKAT
144,키미 Kimi
145,스타일가이드 최겨울
146,"그냥, 박민영 Just Parkminyoung"
147,RAFIQ TV
148,뻑가 PPKKa
149,혜서니
150,KIMDAX킴닥스
151,Her Jams
152,미스터트롯 공식계정
153,느낌적인느낌
154,김나영의 nofilterTV
155,ZICO
156,이설 Leeseol
157,은하캠핑
158,요리왕비룡 Korean Food Cooking
159,노래하는하람
160,방가네
161,곽토리 kwak tori
162,에드머 Edmmer
163,유앤아인Youandain
164,PURE.D퓨어디
165,성제준TV
166,식빵언니 김연경Bread Unnie
167,꽃보다유이
168,아옳이
169,joanday
170,송슐랭 가이드 - SONGCHELIN GUIDE
171,NH농협은행
172,Twins Y&I
173,나혼자산다 STUDIO
174,kinda cool 아영
175,노잼봇Nojambot
176,회사원B
177,하이프래Hi Prae
178,Ibrahim Al-khatib
179,The Rose
180,보라미유 Boramiyu
181,규티비 KYUHYUN
182,DanSing DOJIN
183,카페노예 jun
184,June Of Dasha
185,The World of Erina에리나
186,LilySeeun릴리세은
187,최혜성
188,[국제커플]Family Kim
189,쩡유 JJeong U
190,Amelicano
191,Ranking World
192,CozyDay 코지데이
193,토모토모TomoTomo
194,문정원의 정원
195,ASMR Crush on 9
196,타로호랑
197,냥숲nyangsoop
198,YOUIS 유이즈
199,허미노MINO
200,조두팔
201,에밀튜브 - EmilTUBE
202,JM
203,Myaling ASMR
204,수향TV [suhyangTV]
205,야생마TV
206,창배먹방 chang_bae
207,라이트하우스
208,planD플랜디
209,핫소스
210,임선비
211,IU
212,WooLara Company
213,VIVA ASMR
214,Chiyoon ASMR 치윤
215,Ana la Coreana
216,삐약스핏[살빼주는병맛다이어트채널]
217,Leeby리비
218,진자림 Jinjalim
219,BapMokja and Haeppy
220,Viet Han Couple한베커플
221,Jenny Crush
222,코그티비COGTV
223,UNO ASMR
224,여수언니정혜영[Yeosu Unnie]
225,이동해 Super Junior Donghae LEE
226,오눅onuk
227,노홍철
228,영원씨01seeTV
229,이제이레시피EJ recipe
230,HAMBUK ASMR 햄벅
231,ASMR TERA 테라
232,최시원 Siwon Choi
233,유정 YU JEONG
234,ygconcert
235,또또밥
236,디바제니Deeva Jenny
237,오구라유나 TV
238,중력유튜브
239,Joe튜브
240,SUNSEON TV
241,Chan Sori Asmr
242,Minjeong Park
243,K-really [ เกรียนเกาหลี ]
244,ANGELA YELIN Coreana Latina
245,포키포TV (POKIPO TV)
246,Minsco 민스코
247,nyanji냔지
248,jayfy
249,준콩 Joon-Peanut
250,양제니JENNY YANG
