,channel
1,피지컬갤러리
2,Allblanc TV
3,SPOTV
4,Shoot for Love 슛포러브
5,Roylab Stats
6,말왕TV
7,힙으뜸
8,JK 아트사커 온라인
9,시미켄 TV
10,DK YOO
11,키다리형
12,ROAD FIGHTING CHAMPIONSHIP
13,이수근 채널
14,석꾸축꾸
15,강하나스트레칭
16,야생마TV
17,차도르
18,흑자헬스SurplusHealth
19,GoAle
20,꽁병지tv
21,지기TV
22,권혁 Hulk's TV
23,강경원
24,겨울아빠 WinterPapa
25,재미어트
26,여리나핏
27,이스타TV
28,양선수의 온라인PT
29,앵쩡TV
30,바벨라토르 홈트레이닝 ANYWHERE WORKOUT
31,핏블리 FITVELY
32,LA CROQUETA
33,딩고 헬스 / dingo fitness
34,JTBC GOLF
35,프로동네야구 PDB
36,아이빌리TV
37,KFATV_한국축구의 모든 것
38,박문성 '달수네라이브'
39,조제알통
40,DannyJoe Fitness대니조 피트니스
41,추언니 Chueonny
42,김진짜 Real KIM
43,SIMZZANG [심짱골프]
44,지피티
45,LOVELY SWIMMER
46,3분 운동과학
47,MONSTERZYM YOUTUBE 몬스터짐 유튜브
48,플레이어즈
49,따시기
50,박승현
51,축구대장곽지혁
52,DOHUN
53,거제폭격기[GP sports TV]
54,터치플레이TOUCH PLAY
55,[이기호프로]이지골프스튜디오
56,MBC스포츠탐험대 MBC SPORTS
57,MBC Sports+
58,KoreanZombie 코리안좀비
59,온도니의 먹고&운동하고
60,럽볼LoveBall
61,Mr. Physio 호주물리치료사
62,크크민TV
63,하와이골프 [박형준프로]
64,파워게르만POGER
65,SPOTV 체육볶음
66,이가람의 메루치양식장_체중증량TV
67,이병옥 골프학교 OKSWING GOLF ACADEMY
68,RYUNIVIA
69,BearSpotv베어스포티비
70,팔씨름달인 홍지승
71,동네축구 고수 Coreano Dong Go
72,정우석
73,스포츠타임
74,뽈인러브
75,BilliardsTV - 빌리어즈TV
76,이강TV
77,야신야덕
78,Zumba Korea TV
79,김현우프로[ WANNA GOLF ]
80,프로허석[Pro Golfer Heo]
81,헬스티비
82,YS SWIM
83,홍인규 골프TV
84,엄마TV
85,구자철 Official
86,새벽의 축구 전문가
87,굿샷김프로
88,풋볼아이
89,Soccer.F.Y Factory
90,고러쉬
91,이거해조 원희형
92,Flow Golf최대룡
93,야매당구쫑프로
94,지노HighlightTV
95,'B' Story
96,수키원장
97,불꽃달
98,빵느 Seoyeon
99,동현kldh
100,JUNGDAYEON
101,kimbbomami 김뽀마미
102,Dan Jeong
103,물리치료사.PT재석
104,김구라의 뻐꾸기 골프 TV
105,헬매콜먼 hellmaecoleman
106,NGNS TV
107,동면중
108,당구강좌 4구 & 3쿠션
109,UnderKover언더커버
110,MUSAT
111,길브로Natural pro
112,김성환헬스유튜브
113,라이프니츠
114,스브스스포츠 SUBUSU SPORTS
115,1분 공방
116,축구는장비빨
117,맹피셜
118,KBS 스포츠
119,Allthatboots TV
120,줌인티비Kimjoomin
121,Giants TV
122,JTBC GOLF&SPORTS
123,축덕
124,donglegolf
125,오하빵 ohhabbang
126,SBS Golf
127,Fitology
128,K리그 (K LEAGUE)
129,듀잇 dewit
130,하제용대한민국 가장 힘 쎈 남자
131,태권도신문TKDNEWS
132,DKTV Daniel
133,키네틱 Kinetic Student
134,우피터 - WoopeteR
135,썩코치의 야구쑈
136,SHC
137,LGTWINSTV
138,맨유튜브 ManUTube
139,KIA타이거즈 TV
140,Eagles TV
141,서형욱의 뽈리TV
142,LionsTV 라이온즈tv
143,TV유단잔가
144,영국누나 캐서린
145,축구배울래?축배형TV
146,caro Vlogs 까로
147,군호TV
148,도타클로스
149,나연이즈백 Lpga Na Yeon Choi
150,이건 Gun Lee의발품스토리 TV
151,6학년 19반 존시나
152,흰수염고래스포츠
153,곽민선
154,호양이 김우현
155,율리예스
156,박하림프로
157,SBS Sports
158,불양TV
159,훕코리아
160,헤헤tube
161,Reality Bike Show
162,농잘알
163,몬구골프
164,아라누나TV
165,덤 앤 미노
166,박명환야구TV
167,재미있고 신기한 세상
168,CJ PARK
169,당구강좌 BILLIARDS
170,KOVO
171,맥스큐TV
172,매거진농구인생
173,세뇰킴
174,어썸블리스 AwesomeBLISS
175,BROTHER FILM
176,당구해커
177,R9godmagic
178,백성열 팔씨름에 인생을 건 남자
179,아잉2 TV
180,더채널 the CH.
181,스테이포커스
182,MADminton
183,자전거 타는 각시탈
184,근섬근왕 KSKW
185,골프존스크린골프
186,닥치고스윙 김준년프로
187,김형준의 야구야구
188,털형[Teol TV]
189,팀쎈언니
190,팅동TV 중국속으로
191,찰리의 트루먼쇼
192,포레스트 - Forrest Football
193,오렌지골프
194,DougKoh Channel
195,뽀종
196,복싱뻔치
197,방프로 채널
198,FTV Korea Fishing Channel
199,한주먹
200,HeyGOLF 혜프로TV
201,당구마스크
202,"읫차 We, the Racer"
203,이수날
204,adidas Korea
205,원투펀치
206,HanpanTV
207,Kozoom International
208,손성철관장
209,Football Club STV
210,당구TV강기홍
211,스카이72 드림골프레인지HPGA 골프아카데미
212,firadamo 피라다모
213,FC SEOUL
214,양뢰브 Yang Löw
215,SK와이번스
216,BOWLING MANIA
217,개근질닷컴
218,이준명
219,Train for Eating트포이
220,헤럴드스포츠TV
221,This is Aiden
222,정프로의 클라쓰
223,GKR - 골키퍼채널
224,안지만
225,빤스
226,스포츠조선
227,MZX
228,귤녀홈짐
229,Chingu
230,M CLUB GOLF
231,갯츠비Gatsby
232,미친물개
233,CheerS & Sports
234,골프스윙동영상Players저널
235,큐미쓰 QMISS
236,웰컴투빌리어즈
237,티아고킴[올인풋볼]
238,박주욱골프 어드바이져
239,와이드스포츠
240,채윤쓰 Chaeyun's
241,유프로의 왕초보골프배우기
242,C. SWIM
243,광류
244,SKILL FACTORY
245,직딩골프
246,태권한류
247,야구부장의 크보 핵인싸
248,기흔TV
249,나루월드
250,Kiwoom Heroes Baseball Club
