,channel
1,Lime Tube[라임튜브]
2,ToyFamily
3,도티 TV
4,잠뜰 TV
5,감스트GAMST
6,대도서관TV (buzzbean11)
7,악동 김블루
8,양띵 유튜브
9,김재원의 즐거운게임 세상
10,Edu car toy school
11,뜨뜨뜨뜨
12,태경 TV
13,악어 유튜브
14,LsCraft
15,테스터훈 TesterHoon
16,T1 Faker
17,마이린 TV
18,Dino Box Jurassic park
19,우왁굳의 게임방송
20,겜브링 GGAM BRING
21,MariAndColors
22,킴성태TV
23,릴카
24,기리TV
25,쁘허
26,테드TV
27,텔론
28,TV램램
29,마재TV
30,캐릭온 TV
31,연다
32,울산큰고래 박성주
33,Lone Dragon
34,makeUmove
35,머독방송
36,압둘알리과로사
37,잉여맨 유튜브
38,군림보
39,러너꽃빈TV
40,김왼팔
41,Cowsep
42,침착맨
43,스페셜솔져 - 모바일FPS
44,돼지저금통
45,혜안
46,강 지
47,로이조 TV
48,문호준
49,우주하마
50,TV대정령
51,삼식
52,괴물쥐 유튜브
53,개리형
54,퀸톨 TV
55,T1
56,서넹
57,유키 YOUKI
58,탁주 TV
59,Dorami
60,형독방송
61,수탉
62,Official Dopa
63,유소나
64,GCL 지씨엘
65,똘킹
66,미소
67,밍모
68,Partition Zion
69,JUNE
70,OGN
71,프레이 TV
72,비누TV
73,저라뎃 JUSTLIKETHAT
74,롤큐 LOLQ
75,쵸쵸우
76,김성회의 G식백과
77,LCK
78,Game Land
79,최케빈
80,루태TV
81,진호
82,글자네 YouTube
83,Today on the Korean Server
84,자몽티비
85,두치와뿌꾸
86,각별
87,헬로[HELLO]
88,닥터파이어
89,이석현
90,만두민 ManDooMiN
91,오버워치
92,휴지
93,썩쏘TV
94,김희철 KimHeeChul
95,투보
96,재민TV
97,탬탬버린
98,희바HEEBA
99,신비아파트 공식 채널
100,풍월량
101,견자희 스튜디오
102,3D운전교실
103,Loud G
104,늪지대에서 생긴 일
105,나나의인형놀이 Nana'sDollPlay
106,핑맨
107,눈꽃
108,빅헤드
109,멋사유튜브
110,마플 마인크래프트 채널
111,찬이TV
112,뽁구BBokTV
113,방앗간 비둘기
114,GreatMoonAroma 대월향
115,꿀탱탱
116,초깨비의노래워치
117,해물파전TV
118,개구릿대
119,옥냥이 (RoofTopCAT)
120,퍼런안경_BLAS
121,모아요
122,백크 Baekk
123,[꿀템TV] 클템 유튜브
124,HeopopGames 허팝게임
125,김레인
126,이태준
127,꽃핀
128,YOU TUBE공갈
129,내 계정을 눌러라
130,이상호
131,팡이요
132,가브리엘
133,미라지
134,차도르
135,임선비
136,딕스Dix
137,서새봄
138,빅윈TV
139,도로시Games
140,성시훈 유튜브
141,빅민 GAME
142,랩해도돼?RAPTUBE
143,앰비션 유튜브 [AMTUBE]
144,Core-A Gaming
145,범석TV
146,플레르TV
147,푸린
148,지당하신 말씀
149,하창봉
150,League of Legends - Korea
151,MadLife TV
152,YT Apple
153,김진솔
154,클래시 로얄
155,동동 TV
156,미라클TV
157,발__젭
158,롤박사 해도리
159,옴므
160,흑운장TV [BLACKTUBE]
161,야옹해 바바 Miaow baba
162,비콘 TV
163,아려랑
164,홍방장
165,주키니TV
166,대포마스터2
167,다주
168,공룡
169,준등
170,프로관전러 P.S
171,떡호떡
172,MariAndGames
173,Landing TV
174,걸뽀girlbbo
175,군필여고생 후추
176,운학 TV
177,Summoners War Esports
178,청원이
179,에렌디라
180,클래시 오브 클랜
181,솔빈Solbeen
182,꽃영
183,양아지
184,만만
185,배틀그라운드 모바일 - PUBG MOBILE
186,엔젤 유튜브 ANGEL7777
187,PAPADOG
188,콩콩이다
189,채널 명예훈장
190,지덥
191,니얼굴윤겔라(geltube)
192,omotea
193,오요
194,이영호FlaSh
195,YouTube지누
196,보물창고
197,가이코GK
198,나라카일
199,주둥이방송
200,인피쉰
201,두칠이의게임방송
202,Project LOL
203,동수칸TV
204,쫀득TV
205,Awesomepiece
206,예랑가랑
207,메도우이헌터
208,홍개
209,튜브김민교
210,심즈 아무나AMUNA
211,수찬 Suchan
212,바위골렘
213,정재영
214,노돌리
215,집마 홀릭
216,아구 TV
217,영래기
218,원정상
219,더빙레이디
220,YoonRoot
221,RinyTiny [리니티니]
222,류으미
223,김짱돌
224,웁tv
225,버섯도리
226,브롤스타즈
227,메이플 이득충
228,루리TV
229,이초홍
230,하승진
231,랑말TV
232,LOUD CAST
233,각폭 YouTube
234,메탈킴
235,신해조
236,김뚜띠
237,플레임TV
238,롤큐플러스 LOLQplus
239,TV블루위키
240,사모장
241,아빠킹
242,44층 지하던전
243,스간TV
244,카이바군
245,무지개맛 Rainbow Flavor
246,묘송이MyosongE
247,푸른 [ Pureun ]
248,김용녀
249,김쵸코
250,알짜
