,channel
1,Larva TUBA
2,Boram Tube [宝蓝和朋友们]
3,MariAndKids
4,콩순이・시크릿 쥬쥬 [Kongsuni・Secret Jouju]
5,BT21
6,미니특공대TV
7,EBS 키즈
8,키즈팡TV
9,총몇명
10,또봇 V · 메탈리온 [Tobot V · Metalions]
11,Toy Wizard [토이위자드]
12,레이디버그TV
13,미니팡TV
14,셀프어쿠스틱selfacoustic
15,"토닥토닥 꼬모 - 애니메이션, 동요, 놀이"
16,덕대-DD film
17,WildBrain 한국어
18,PLAYY ANI 플레이애니
19,헬로카봇 - hello carbot official
20,마샤와 곰
21,고몽
22,Sibongtv 시봉tv
23,지무비 : G Movie
24,짤툰
25,Tooniverse-투니버스
26,김시선
27,Лига Watchcar - ОФИЦИАЛЬНЫЙ КАНАЛ
28,DinoCore TUBA
29,드림텔러(DreamTeller)
30,B Man 삐맨
31,리틀조이 LittleJoy
32,두두팝토이
33,써리의 영상툰 SSULY TOON
34,puuung
35,빨강도깨비
36,달빛뮤즈
37,키에커
38,POWER MOVIE
39,고고 티비GoGo TV
40,Минифорс - ОФИЦИАЛЬНЫЙ КАНАЛ
41,9bul
42,코코몽 COCOMONG TV - Cartoon & Song For Kids
43,로보카폴리 TV
44,람다람
45,UTZI웃지
46,핑키팝토이
47,프랭키 키즈 TV LET'S PLAY FRANKY !
48,브레드이발소
49,CK Animation School_2016-2018
50,메카드 - MECARD OFFICIAL
51,리뷰엉이: Owl's Review
52,홍시네마
53,한국고전영화 Korean Classic Film
54,소개해주는 남자
55,Robot Trains official
56,호돌이 영상툰
57,필름에빠지다
58,오콘키즈
59,신비아파트 공식 채널
60,띵잘 [띵작 추천해주는 잘생긴 남자]
61,오늘의 영상툰
62,뭅뭅
63,요즘 애니
64,MonoGlobalTV
65,삼시보
66,토킹톰앤프렌즈
67,모아요
68,리드무비
69,백수골방
70,캡틴라미[captain ramy]
71,민호타우르스
72,Hello Jadoo TV 안녕 자두야
73,Manjoong Kim
74,지당하신 말씀
75,문방구TV
76,Osro
77,로봇알포 ARPO The Robot
78,목소리예쁜눈나
79,키글 토이 - KIGLE TOYS
80,엔스Ens
81,웨이에이 _ WAY A
82,NAIN나인
83,CK Animation School_2019_청강대 애니메이션
84,Sechi
85,PLAYY Anime 플레이 애니메
86,댓글툰
87,NATAE 나태
88,GoGoMovie 고고무비
89,Koruma
90,영일남CINEMA
91,리틀홈런LittleHomeLearn
92,우왕푸왕
93,발없는새
94,DOCLIP :: 두클립
95,거의없다
96,movie trip 무비트립
97,자취방남자movie comment
98,소피루비 - SofyRuby Official
99,카랑Karang
100,라이너의 컬쳐쇼크
101,PLAYY KIDS 플레이키즈
102,바다 탐험대 옥토넛
103,Zombie Dumb
104,품추남
105,좀비덤 ZOMBIEDUMB
106,animax plus
107,Монкарт - ОФИЦИАЛЬНЫЙ КАНАЛ
108,뽀롱뽀롱 뽀로로 l 인기 동화・동요
109,오늘의카툰
110,레전드히어로 삼국전
111,Kids Tv Korea - 어린이동요
112,TOMONCAR
113,뻔펀
114,무비콘 애니
115,Sharpay Evans 242
116,션 파블로 Sean Pablo
117,몬카트TV
118,PLAYYMOVIE
119,AniplusTV
120,킬타
121,Bart Park
122,리뷰 카페
123,카툰버스(Cartoon Bus)
124,NOMA
125,백곰선배 (SENPAI)
126,덕양소
127,CCARMIN 카아민
128,Hwang Ponimator
129,내친구 코리리_MY FRIEND KORIRI
130,시발낙지
131,Tiger
132,리우군의 다락방
133,영민하다
134,바이트 초이카 - BITE CHOICAR OFFICIAL
135,금도깨비툰
136,애니덕후
137,프라이데이 FRIDAY_BEFORE
138,애니원
139,샌드박스 에듀케이션 : 강찬&주아 TV
140,진솔한리뷰
141,무비콘 영화
142,Gundam Holic TV
143,카툰네트워크
144,리플레이
145,[KongAlTube]콩알튜브
146,Debbie's Cutting Point [데비의 편집점]
147,빠퀴
148,브라운TV[어린이 동화.동요]
149,튜나
150,BEYBLADE BURST KOREA
151,뚝딱맨TV
152,화틱
153,리필드재영
154,정했다일기석
155,w motion
156,달콤살벌 영화이야기
157,그와 당신의 이야기
158,치트키TV
159,얄리의아재비디오
160,쿠리파파 스튜디오KooriPapa Studios
161,미들뻔
162,Korean drama Trend
163,썰토리 영상툰
164,주말의 띵화
165,바가민은 외롭다진짜
166,OSSC
167,반지 TV : 반지의 비밀일기 Banzi's Secret Diary
168,딩고 무비 / dingo movie
169,엄마 까투리TV
170,고누리
171,Ukids TV
172,Rope로페
173,쵸파 TV
174,한반지 영화 예고편 처리장
175,심킹
176,달빛부부의 영화 & 미드
177,호러플레이
178,Official韩国东东_한국뚱뚱
179,모두모두쇼 MODOO MODOO SHOW
180,헤더의터닝페이지
181,B급 리뷰
182,J Drama
183,램찌툰
184,Moonbug Kids 한국말
185,주리온 스튜디오
186,Skymint
187,월트디즈니
188,햄릿 TUBE
189,조탁구TV
190,RunningMan 런닝맨
191,알씨네
192,PUPPYBOY 개남
193,RYU Russell 러셀
194,99film Official
195,팀유통기한
196,TV랜덤
197,포터헤드POTTERHEAD
198,도마이 DOMAI
199,초코빵툰
200,진영예술가Artist Jinyoung
201,리뷰엉삼
202,CK Animation
203,bambinori밤비노리
204,ShiningStar
205,Chiro 치로와 친구들
206,Pucca FunnyLove
207,JellyPop - Colors
208,애니메타몽
209,"포켓몬 공식 채널 Pokémon Korea, Inc."
210,멋진기영TV
211,레몽
212,늘보Movie
213,핸콕TV 원피스 분석채널
214,무비희락 MovieJOY
215,TITANIA
216,7ASHTA5
217,파랑개비
218,잘익은꽃대하
219,안티팬TV
220,무비셀라 CINEMA CLUB
221,써니 TV [SUNNY TV]
222,EonTalk
223,오크삼촌
224,BUCKET STUDIO
225,허니잼Tv HoneyJam
226,믹스무비[MIX MOVIE]
227,타오르지마 버스터
228,무비무비
229,minusT
230,로튼애플 영화리뷰 (Rotten Apple Movie Review)
231,[oujjo]우유쪼조아
232,뽀로로랑 타요랑 뽀요TV
233,줌인센타 zoom in centre
234,Play with Toy
235,림툰_limtoon
236,영화소녀
237,pamoo파무
238,씨네몽땅
239,영화좋아
240,JFS
241,XLEZZY
242,더블비툰
243,키즈야놀자 [키놀] kinol.co.kr
244,영화의 식탁
245,정종민의 정신세계
246,팝콘트리 PopcornTree
247,동네비디오방
248,뭅이
249,ms1sharklee
250,호북이
