,channel
1,1MILLION Dance Studio
2,1theK (원더케이)
3,Mnet K-POP
4,KBS World
5,Nao FunFun
6,DuDuPopTOY
7,Mnet Official
8,MBCentertainment
9,Toymong tv 토이몽TV
10,서은이야기[SeoeunStory]
11,SonicToy소닉토이
12,M2
13,JTBC Entertainment
14,ALL THE K-POP
15,PinkyPopTOY
16,GOT7
17,ToyMart TV
18,KBS Kpop
19,스브스케이팝 / SBS KPOP
20,SBS Entertainment
21,SBS Drama
22,보겸 BK
23,[Dorothy]도로시
24,쏘영 Ssoyoung
25,이지금 [IU Official]
26,Coreano Vlogs
27,KBS Entertain
28,MBCdrama
29,워크맨-Workman
30,waveya 2011
31,허팝Heopop
32,[햄지]Hamzy
33,스위트티비 SweetTV
34,tvN DRAMA
35,SBS NOW
36,JTBC Drama
37,Milana FamilyShow
38,[장난감티비]TOYTV
39,GONGSAM TABLE 이공삼
40,Boram y Juguetes
41,로미유 스토리[Romiyu Story]
42,ITZY
43,리원세상RIWORLD
44,KBS Drama
45,Lime Tube[라임튜브]
46,MariAndToys
47,TV-People
48,tvN
49,푸메Fume
50,플레이리스트
51,럭키강이 LuckyKang i
52,ARTBEAT
53,한세HANSE
54,카 로봇 Car & Robot
55,헤이지니 Hey Jini
56,옛드 : 옛날 드라마 [드라맛집]
57,제이제이 튜브 [JJ Tube]
58,United CUBE (CUBE Entertainment Official YouTube Channel)
59,(G)I-DLE (여자)아이들 (Official YouTube Channel)
60,ASMR PPOMO
61,와썹맨-Wassup Man
62,나도Nado
63,BTS WORLD Official
64,VIVA DANCE STUDIO
65,MariAndFriends
66,자이언트 펭TV
67,보라미 TV Borami TV
68,흔한남매
69,JAY PARK
70,캐리TV
71,채널 십오야
72,Toy Wizard [토이위자드]
73,퇴경아 약먹자
74,tvN D ENT
75,팬케이Pan K The Pancake Artist
76,Bob ToysReview
77,EXID_OFFICIAL
78,TV CHOSUN
79,뉴욕이랑 놀자
80,tvN D STORY
81,꾹TV(Kkuk TV)
82,엔조이커플enjoycouple
83,official IZ*ONE
84,런닝맨 - 스브스 공식 채널
85,woolliment
86,SBS ENTER PLAY
87,HyunA
88,엠브로 MBRO
89,HONG SOUND
90,보길 bogil
91,Like Nastya KOR
92,JTBC Voyage
93,Machine Man
94,BTOB 비투비 (Official YouTube Channel)
95,채널 NCT DANCE
96,콬TV
97,odg
98,임다TV
99,밝은 면 Bright Side Korea
100,브라보키즈_BRAVO KIDS
101,신나튜브 Synna Tube
102,DJ SODA OFFICIAL
103,Solfa
104,딩고 스토리 / dingo story
105,비몽
106,TREASURE (트레저)
107,턱형 (GOD-TUK)
108,채널A Home
109,뉴욕이랑 브이로그
110,애주가TV참PD
111,AOA (에이오에이)
112,내셔널지오그래픽 - National Geographic Korea
113,MLD ENTERTAINMENT
114,재넌Jaenune
115,EBSCulture (EBS 교양)
116,WildBrain 한국어
117,Aejeong ASMR 애정
118,SBS Catch
119,Apink (에이핑크)
120,PENTAGON 펜타곤 (Official YouTube Channel)
121,Lia Kim
122,KBS 한국방송
123,CJ ENM
124,KBS Drama Classic
125,성수커플 - S.S Couple
126,Dingo K-Beauty
127,피키픽처스 Piki Pictures
128,KBS HUMAN: 뭉클티비
129,Mera
130,Things Craft
131,섭이는못말려
132,FNCEnt
133,MYLEE Dance
134,Juanes Velez
135,ChiChi Family
136,"안구정화TV, Your Korean Friend"
137,소근커플 S.K.Couple
138,loonatheworld
139,Dino Box Jurassic park
140,마이린 TV
141,Jelly Pong
142,티캐스트 tcast
143,Prepix Dance Studio
144,디스커버리 채널 코리아 - Discovery Korea
145,Chuther츄더[문에스더]
146,Cheri Hyeri 체리 혜리
147,얌무YAMMoo
148,미니카 Minicar
149,파뿌리
150,STUDIO CHOOM [스튜디오 춤]
151,[상윤쓰]Sangyoon
152,소련여자 Soviet girl in Seoul
153,[wonderkids TV] 원더키즈 TV
154,핫도그TV
155,ColorMonsters Toy
156,Tooniverse-투니버스
157,딩고 / dingo
158,맛있는 녀석들 (Tasty Guys)
159,효기심
160,꽈뚜룹 Quaddurup
161,2pm
162,Han Yoo Ra [Little and BiG]
163,Dingo K-Drama
164,tvN D CLASSIC
165,Boram Tube Friends
166,야식이
167,김이브님
168,MBN Entertainment
169,SBS STORY
170,Bokyoung ASMR보경
171,띠미 ddimmi
172,CNBLUE (씨엔블루)
173,Squash Clay 쪼물쪼물 클레이
174,유준호
175,MOVE Dance Studio 무브댄스학원
176,CheezeFilm
177,U.M.A.우마
178,woojoo우주
179,이슈텔러 issueTeller
180,토이쿠 Toycoo
181,DARA TV
182,삼대장 Samdaejang
183,쿠쿠크루 - Cuckoo Crew
184,missA
185,jannahkorea
186,MORE THAN YOUTH
187,공대생가족 GDSF
188,오킹TV
189,뚜아뚜지TV
190,혜리
191,KBS CoolFM
192,Mẹo Vặt Cắm Hoa
193,ALiEN
194,낄낄상회
195,아엘튜브 Aeltube
196,유라야놀자(Let's play YURA)
197,STUDIO DIA 스튜디오 다이아
198,토깽이네
199,놀면 뭐하니?
200,SUNBA선바
201,CLC 씨엘씨 (Official YouTube Channel)
202,Chihun ASMR 치훈
203,대륙남TV [clark tv]
204,러너꽃빈TV
205,오분순삭
206,Robocar Car Toys
207,문명특급 - MMTG
208,액션홍구
209,퍼플 토이박스(Purple Toy Box)
210,침착맨
211,Boys Playtime
212,케이
213,YG TREASURE BOX
214,스튜디오 룰루랄라- studio lululala
215,난쟁이성현
216,해피토이(HappyToy)
217,리모콘 by iHQ
218,wondergirls
219,ALL THE K-JAM 올더케이잼
220,SBS World
221,권회훈
222,하이틴에이저 Hi-teenager
223,최자로드-CHOIZAROAD
224,토이영어TV - ToyEnglishTV
225,간니닌니 다이어리
226,지호토이TV JIHOTOY
227,취미로 요리하는 남자 Yonam
228,라이프타임
229,승우아빠
230,z a m
231,여정을떠난여정
232,MBK Entertainment [Official]
233,Fire Hand
234,DKDKTV
235,미니미니 MiniMini
236,채꾸똥꾸 (Cherry & Dong)
237,Rachaman 라차맨
238,PANGKICK 팡킥
239,씨그널V [ Signal V ]
240,SonyToby
241,액션 Action
242,이슈왕 TV
243,레바스튜디오
244,엣지님
245,애니한TV AnnieHan
246,MBC WORLD
247,sNack!
248,제이제이
249,타임스낵
250,임한올 Hanol Rim
