,channel
1,Samsung
2,ITSub잇섭
3,사물궁이 잡학지식
4,Roylab Stats
5,1분과학
6,공돌이 용달
7,눈쟁이
8,UNDERkg
9,TAU
10,MR엠알
11,LG Mobile Global
12,JM
13,신인균의 군사TV
14,SK하이닉스 [SK hynix]
15,YTN SCIENCE
16,과학드림 [Science Dream]
17,테크몽 Techmong
18,안될과학 Unrealscience
19,에스오디 SOD
20,가전주부 GJJB
21,공구왕황부장
22,오라잇 스튜디오 - Digital Shopping Guide
23,Apple 대한민국
24,삼성전자 뉴스룸 [Samsung Newsroom]
25,도레
26,신박과학
27,디에디트 THE EDIT
28,유용원TV
29,All Urdu Tips
30,양컴
31,딴트공말방구 실험실
32,정선근 TV
33,떠먹여주는과학
34,체험판의컴퓨터채널Trialversion
35,더기어 THEGEAR
36,생활코딩
37,[하말넘많] heavytalker
38,방구석 리뷰룸
39,뻘짓연구소
40,최마태의 POST IT
41,DRGN LAKE STUDIO
42,LG Global
43,사막여우
44,TSP NEWS [과학기술]
45,DRX
46,Thomas Kim
47,Producer dk
48,PlayersCUT
49,간단한 아이디어 — SIMPLE IDEAS
50,코딩하는거니
51,기즈모 gizmo
52,인싸 케이k彡
53,푸른상어
54,Kevin's Military Channel : KKMD !
55,서울리안
56,주연 ZUYONI
57,:3ildcat
58,북툰
59,기리보이월드
60,Dmonk
61,원포인트
62,맥가이버
63,문화돋보기
64,더로그 The Log
65,꺼리튜브
66,"닥터조홍근의 알기쉬운 당뇨,심장병 이야기"
67,Zeezle
68,DC튜브
69,카오스 사이언스
70,IT's okay 잇츠 오케이
71,공여사들
72,닥터쓰리 - 한미일의사의 쉬운 의학
73,SM TV [SeoMin TV]
74,Gadget Seoul
75,그래나도 SF
76,헬스조선 Health Chosun
77,김도헌 대림대교수
78,CNET KOREA
79,다칸
80,라이브렉스 LiveREX
81,씨디맨
82,뀨엣Tech
83,A.T.E.에이트
84,Infinity SAV
85,TongTongTv 통통테크
86,이큐채널
87,조군의 낭만공장 컴퓨터
88,B-NOTE 비노트 cause I am
89,개발자 라라
90,엔지니어TV
91,전투정보실
92,채리튜브
93,알리인사이드 Ali Inside
94,이퓨
95,ITSystem
96,러빗아토 LuvIT-ATO
97,Tom J. Light
98,증권돌이TV
99,석군 seokkun
100,괴짜TV
101,LANstar랜스타
102,포프TV
103,해용
104,playsin플레이신
105,퀘이사존 QUASARZONE
106,군산오징어약사
107,의학채널 근알의
108,꿀단지PD
109,지식 N 상식
110,밥테일 bobtail
111,RepairMan
112,수월
113,만능혁키
114,리더유
115,띵 입니다
116,맥선생
117,TV설명왕
118,Samsung Display
119,rider eye-Aviation&Military
120,생활리뷰 싹피디
121,YumyTV 여미티비
122,보물창고리뷰
123,인스펙팅룸 InspectingRoom
124,기똥찬 똥찬 Amazing ddongchan
125,류승훈TV
126,김순렬TV
127,불타는하늘
128,깨봉채널
129,벡스컴
130,캐논TV - Canon Korea
131,김경만 감독의 사진학개론
132,[TheSINZA]더신자 : 편안한 IT리뷰
133,집연구소 HomeLabs
134,대괴수 대백과 대사전
135,무적풍화륜
136,디일렉 THEELEC
137,大耳朵TV
138,정약사의 건강나눔TV
139,과학과 사람들
140,브레인소다
141,X- LINE
142,별컴스튜디오
143,곰세 iT
144,봉스뉴우스
145,Want IT ・원잇
146,엔지니어링TV
147,번거로운 임지 IMJI
148,언박서 UNBOXER
149,LG Home Appliance & Air Solution
150,TALKSUNNY ・ 톡써니
151,소박사TV
152,다성아빠 - IT분석
153,사진찍는회계사
154,프로의 리뷰
155,LEE Logan
156,나는의사다
157,스무디 TV
158,시나브로TECH&VLOG
159,로퍼딧
160,국내힙합갤러리
161,이해창 약사TV
162,choda100
163,가랑비
164,wookster
165,혼자노는비법[혼노비]
166,:만두얏의 가&꿀[가성비&꿀팁]:
167,JADAM Organic Farming in KOREA - Worldwide
168,ODIY 한국과학창의재단
169,Marvelous Designer
170,로케트펀치 RocketPunchtv
171,마르셀프루스트
172,수상한생선 Life Science
173,SV-001/R
174,Fantanium Graph판타늄 그래프
175,세다리TV
176,놀던청년
177,고니TV
178,테크요정 뷔티크
179,필름메이커 ArthurKim
180,남성정보모아
181,세이프존
182,컴군
183,파란만장
184,LGEcampaignKR
185,이상한놈 ODDMEN
186,스나이퍼TV
187,손현정 TV
188,닥터가물치
189,HELLO UKY
190,Tora
191,당신의 생존기술
192,코인캐스트CoinCast
193,감송필름 Gamsongfilm
194,Kwon Taek Keun
195,호떠그 HOTHUG
196,코예커플IT
197,닥터지비
198,홈케어 분해TV
199,사이언스프렌즈
200,잇냥 ITNY
201,잇냥 ITNY
202,팟빵 오리지널 오피셜
203,AnalogMe아날로그미
204,존 스퀘어드
205,KERBEROS
206,약튜브
207,유튜브채널HospitalRun
208,FreshmIT프레시미트
209,얄팍한 코딩사전
210,유소
211,ndolson엔돌슨
212,명승권TV
213,기술인간Tech&Human
214,Smart Tools
215,려독
216,AronHwang
217,기술자들TV
218,단비스 Review
219,댕테크
220,메이커 다은쌤
221,드럼신 DrumShin
222,냉동참치ColdTuna
223,영디비0DiBi
224,샤키코리아
225,티오리 티비 Theori TV
226,풍수TV
227,비욘드테크
228,박재모 MOViEW
229,한국항공우주연구원 KARI TV
230,암요에너지
231,밀리도리
232,nikonimagingkorea
233,코잇컴TV
234,ODROID Hardkernel
235,코인몽
236,FAB365 3D Printing
237,날아가유 Gonna Fly Now
238,Won-Jin Lee
239,오토데스크코리아
240,희재맘희재꼬
241,레이디유로비뇨기과의원
242,진실장
243,적인 블로그이색
244,푸우작가 PB
245,AFPONGLOBE
246,공대5호관 R
247,꿈사탕
248,소금TV
249,컴샵
250,스카이잡스 feat 스카이티브이
