,channel
1,크림히어로즈
2,SBS TV동물농장x애니멀봐
3,자이언트 펭TV
4,수리노을SuriNoel
5,밀키복이탄이MilkyBokiTan
6,슈앤트리 SHU AND TREE
7,강형욱의 보듬TV - Dog Trainer Kang
8,빅마블
9,SBS STORY
10,소녀의행성 Girlsplanet
11,haha ha
12,정브르
13,냥이아빠
14,속삭이는몽자
15,SIMI TV
16,다흑님
17,김메주와 고양이들
18,코니tv conitv
19,Arirang은 고양이들내가 주인
20,시바견 곰이탱이여우
21,엠빅뉴스
22,[THE SOY]루퐁이네
23,아리둥절 Ari the Corgi
24,Enjoy Toys Shin
25,K pets
26,뭉땡뭉땡
27,악어아빠김줄스 ZoolsKim
28,무지막지한 막무家네
29,뚜뚜toottoot
30,에그박사 Egg&Bugs
31,디바제니Deeva Jenny
32,개스타일 Get style TV PET
33,TV생물도감
34,해수인tv
35,댕댕이와야옹이 cat&dog
36,KiSH-Log 키쉬의 브이로그
37,호두랑 마루랑 Duruduru
38,22똥괭이네
39,홍설 HONG SNOW
40,천재견 사월이sawol
41,하루아루 TV Haruaru TV
42,매탈남
43,WaveyaTV
44,허스키 바이러스HuskyVirus
45,성문수
46,제발돼라 PleaseBee
47,노곤하개냥tv Lazy Dogs TV
48,오브리더Breeder OH
49,슈퍼콜라TV
50,songsong松松
51,집돌이총각
52,Life
53,관찰남
54,Leo TV
55,보리보리
56,8코기네 /8Corgi House
57,꿀꿀한 냥냥이 GGNN
58,까꿍이와개세mr리들
59,우아한 사파리 Elegant Safari
60,FeelSoGood
61,냥큼한 친구들 Sweet cats
62,김마미네 똥고양이Kim Mother's cats
63,국가대표 쩔템
64,조은커플 Joeun Couple
65,약속해TV
66,냥신TV
67,똥개로움
68,치즈와꾸집사
69,지안스캣 Jian's Cat
70,지트 스튜디오 Zit Studio
71,집사인생 용시쿠
72,EBS 세나개 x 고부해 - 왜그러냥? 귀엽개!
73,짱절미zzangjeolmi
74,Animal Farm
75,냥꼬리
76,보더로운생활Border Collie Triplets
77,털복숭이들과 베베집사 Bebe6Cats
78,제이와나 JAYWANA
79,수산물을부탁해TV
80,김부타야옹
81,해피퍼니 Happy Funny
82,베니패밀리 Benny Family
83,푸른상어
84,복받은 캣독Blessing CatDog
85,이웃집의 백호
86,솔라시도 SolLa
87,EBS 컬렉션 - 자연
88,새덕후 Korean Birder
89,문화돋보기
90,그루밍데이 고양이cat vlog
91,Haribo the Shiba
92,달콤한라떼SweetLatte
93,수달가족 otter family
94,고양이산책
95,비마이펫
96,Romantic cat 낭만고양이tv
97,설채현의 DOG설TV
98,금동복실 Jindo Dog Couple Story
99,순무농장SoonMooCat
100,흑형코미디
101,태경엄지
102,뚜비TV
103,흉폭한 포로 Violent Poro
104,KBS동물티비 : 애니멀포유 animal4u
105,코코일기양졍맘
106,고양이탐정TV
107,도읍지
108,하루미루HaruMiru Cat
109,랙돌열한스푼
110,캐나다특파원생물채널
111,Ninifam 니니고양이
112,심심타임
113,웜클라우드 Warm Cloud
114,퐁시루의밤 PongSiru's Chestnut
115,NoLi
116,세자책봉 SeBong
117,미야옹철의 냥냥펀치
118,데일리파카 Daily Paca
119,JANNAVIDEO 잔나비디오
120,맹수꽁이 BeastGGong
121,싸2코
122,와쎄wasse
123,개밍순 DogMingsoon
124,진돌이TV
125,여우공식
126,Griffin Frenchie
127,읏디의 고양이타이쿤 Cat Tycoon
128,뷔브독 bwibeu_dog
129,천재견 호야의 신나는하루
130,캐츠패치34CAT
131,SBS 하루 HARU
132,피니엔스of Cats
133,토픽이네동물농장
134,리치
135,덕표내川
136,곰제리 gomjerry
137,윾짱
138,토이트론TOYTRON
139,하오TV
140,꼬불하개파마Curly Perma
141,김쫀떡
142,모카라떼베리MochaLatteBerry
143,Happy Baby G
144,하트똥꼬로만 ROMAN the doberman
145,펫을부탁해
146,NatJoonho주노준호
147,자연인TV 《힐링 연못》
148,멍냥소녀 은집사
149,우당탕탕마벨이네Retrieverfamily
150,행복한느림보
151,윤샘의 마이펫상담소-Pet Clinic
152,포메라니안 도그캐슬
153,조르바
154,다희네우당탕3묘
155,디디채널 DIDI
156,ESSEADET
157,아롱이네 ArongHouse
158,고양이발자국Catfootprint
159,[귀촌백수]Lazy farmer
160,시리우스엄마
161,펫파크 feat.스카이티브이
162,시즈닝 Seasoning
163,고양이 수사대
164,김산책
165,순돌이와친구들
166,나는 아재다 I'm AJE
167,Dear.Mir&Tori디어미르&토리
168,ShiBa TV [ 미 쓰리 ]
169,율무cream_poodle
170,산골짜기동물칭구Valley Cat Friends
171,팔천사와강아지세상
172,최삡뺩
173,밀후퐁콘 캣하우스 [milk.hook.pong.cony]
174,Holly Min
175,본능적인
176,갱생르서
177,코파
178,낭만고양이Tv2
179,GeoAsia
180,러블리 토스타빅토리
181,휴지 윌슨의 모험
182,길냥이친구
183,도시오리 CityDuck
184,이집사
185,나나&나 nana&na
186,멜과 진돗개 봉순MelBong
187,째폴보&프렌즈 JAPAULBO & FRIENDS
188,진솔쓰Jinsols
189,기적이아빠 Miracle House
190,:3 Hellopet
191,초코
192,삼둥이네TV
193,왕탱이
194,MulMung
195,찌니레오
196,감동바다
197,우리개 연구소JindodogInst
198,Kittybeasts
199,사랑에 빠진 토끼 빅토리
200,레나랜드Lena Land
201,무겐의 냥다큐
202,Pet Holic TV
203,K드라이브
204,똘이뷰[연구대상]parrot
205,길냥손TV
206,쿤캣 KunCat
207,순무는여행중 travel dog Soon-moo
208,샤이공방 SHYDIY
209,Maltese TV 말티즈TV
210,캣언니유햄 yoohamcat
211,롤보자
212,아쭈마마 tv
213,똑똑독 Knockknockdog
214,ᆞ이명준 식물생각
215,완자TV
216,쫄보푸들꼬니
217,결한마리네
218,HelloCats헬로캣츠
219,원스팜
220,힐링강아지'설렘'
221,안성댁주말농막
222,진똑개 풍이
223,팩토리치즈스 : Factory Cheeses
224,치순이
225,용용아밥먹자
226,어쩌다고양이
227,백그라운드TV
228,김뭉치
229,천사 angel cat TV
230,둥글이 놀자
231,의깨비
232,벵이랑스토리 BengLangTol
233,반이만이와 공장냥이들
234,WUAH우아한봉식
235,하푸미네 고양이들 [Hapumi's Cats]
236,루니와메리Rooney and Merry
237,하얀백구 나무TV
238,통령할미달장
239,트리오333.시골청년TV
240,짧은지식
241,권혁필의 에듀펫TV
242,숲속청계농장
243,돼지방뎅이왕국!
244,뽀송뽀송 bbosong
245,요리냥
246,수녕s
247,리틀라이언 레아레토 littlelion leah_leto
248,착한애견tv
249,철수누나
250,맨날 빡친 안뚱땡이
