,channel
1,한문철 TV
2,우파푸른하늘Woopa TV
3,오프라이드oh-pride
4,성명준
5,김한용의 MOCAR
6,모트라인 MOTline
7,야생마TV
8,Motorgraph 모터그래프
9,CARGIRL
10,미남의운전교실
11,이승현MinJaTV
12,자동차의 모든 것[ Car & Man ]
13,몇대몇?블랙박스
14,Kia Motors Worldwide
15,카통령
16,오토기어 autogear자동차에 대한 모든 정보
17,차업차득
18,노보스인더스트리 NOBOSSINDUSTRY
19,오토뷰(Autoview)
20,DIYMASTER
21,Motorian모터리언
22,박병일의 명장본색
23,PILOTUBE
24,한상기 Han Sang Ki
25,이모저모TV
26,RC Play Ground
27,장진택 mediaAUTO
28,인싸 케이k彡
29,오토포스트 AUTOPOST
30,노보스튜브NobossTube
31,중고차파괴자
32,보상과배상TV
33,AUTOSONICS오토소닉스
34,훼사원
35,맨인블박
36,Korea. kg
37,CarTube 카튜브
38,HeyMan 헤이맨
39,파란곰미디어
40,모두의리뷰 - by 모트라인
41,CARmedia 카미디어
42,안오준TV AhnojunTV
43,carwow 한국
44,픽플러스
45,데저트이글
46,류석
47,오토트리뷴 AutoTribune
48,덴트초이
49,Kisun's RC Life
50,쎄게형TV
51,카링TV carringtv
52,다우니 DAWOONY
53,encarTV 엔카티비
54,미도카TV
55,Hoon's RC
56,LUXXTV
57,VIEWCAR TV 뷰카TV
58,ACARZ 아카즈
59,캠핑카TV campingcarTV
60,탑기어 코리아
61,[에스모티브]YouTube공식채널 - 채작가의 차리뷰
62,차박사TV
63,이아나TV
64,Carguy | Mobilistar
65,모토잡스
66,기아자동차 [캬TV]
67,Kwon Do Gyun
68,재미있고 신기한 세상
69,더끄
70,Gentle Jung 젠틀정
71,안쌤의운전스쿨
72,섬즈자동차공방 SomesCAR
73,카라큘라 Caracula
74,압구정시골쥐
75,신차정보 연못구름
76,현직정비사TV
77,TheBestLap Korea
78,PocketMagazine
79,파파개러지 PAPAGARAGE
80,중고차는 유미카
81,CARLAB
82,소세지입술
83,맨투맨중고차
84,JAJ International-제이앤제이인터내셔널
85,리더유
86,폴리쌤 운전면허n초보운전YouTube
87,seoul tuner
88,금호타이어 엑스타TV
89,한민관
90,여라TV
91,임카닷컴중고차
92,풀체인지
93,A1 Media
94,블박창고
95,오토그루밍
96,ppeppe 빼빼가족
97,Race queen 動画 by silverfrank
98,ECO-LAP Studio
99,네바퀴미디어 - 차있슈
100,자동차읽어주는남자
101,컨츄리맨아도라
102,현대캐피탈
103,The Korean Trucker코리안트럭커
104,부싼카-부산/경남중고차
105,카카오토TV 허프로
106,까진남자
107,UCIC유씨아저씨
108,신사용
109,국토교통부
110,중고차크루
111,정직한놈들
112,싼마이카
113,오렌지커스텀TV
114,오토브라이트 다이렉트 코리아
115,지산카센터
116,죠쓰JAWWS
117,비디토리
118,Autowini.com_Official
119,봉스뉴우스
120,도로위참견시점[ 도참시TV ]
121,날개중고차
122,진스타TV
123,도봉구주민
124,중고차정우모터스
125,고잉 패스터 - GOING FASTER
126,예스카tv
127,Buzzle - 버즐
128,딸기케이크의 야간비행
129,넥스가드-nexgard
130,시기월드
131,가제트렉카연구소
132,유일모터스
133,하드캐리
134,유국장TV Director Yoo
135,필승모터스
136,CampingCarJoa Plus
137,가니가니 - 현대차 차량설명서
138,모텍 MOTech - by 모트라인
139,주니TV
140,블라인드_Car Story
141,Chevrolet Korea
142,금아[KeumTube]
143,중고차수출박준규
144,차파고
145,물곰 Tube
146,문어발
147,울트라비니군
148,안녕마이카
149,디자인 읽어주는 남자
150,장기렌트카카베이
151,달리는거북이
152,차알못 - 잃어버린 돈을 찾아서
153,INDIGO TV
154,THE CARAVAN TV
155,카북 Car Book
156,중고차대디지환&성수
157,인포센스TV
158,빛나는하루
159,보배드림 TV
160,롱앵커
161,Joomin Motolog
162,오토하우스
163,연산동빠박이
164,CK드리븐 CK Driven
165,정마담
166,kayel
167,"차또바기/차,it,여행"
168,모토르(MoThor)
169,라이더모모
170,BMW Korea
171,Genesis Worldwide
172,젠틀브라더
173,차도녀TV
174,BMW 공식 딜러 도이치 모터스
175,런앤드카
176,철천지TV
177,더드라이브 TheDriveKorea
178,긱스코리아GIGSKOREA
179,TNKfreePaul(TNK프리오토)
180,AZ TV
181,68 거북이 - 트레일러 운전교실
182,세알남
183,차골라주는예쁜누나
184,앗차
185,YunSungro윤성로
186,네미온
187,존잘엠지JJMG
188,모터피디
189,TV옴스
190,"미트락구,Trucker"
191,달구지닷컴
192,차얼평TV AnnJay Studio
193,캐나다트럭커 군복남자
194,장용석의내차를부탁해
195,뻥태기TV
196,트럭커김씨
197,태송 모터스
198,아재모터스 :: AGE MOTORS
199,KB손해보험
200,아라리요의[차라리요]
201,슬기로운 자동차 생활
202,범스
203,종이학의 운전의 정석
204,Mocri TV 모크리TV
205,AUTOCAST 오토캐스트
206,차파는최부장
207,MotoVlog Korea
208,가보까 캠핑 Gabogga Camping
209,씨유카TV
210,찐 리뷰 AZ티비 – IT 테크 자동차 리뷰
211,서우토반 Seoutobahn
212,모터무비
213,MAXFAIR
214,큐님
215,KB차차차
216,전승민
217,LEGENDARY 레전더리
218,원더굿라이프
219,Autodiary
220,이재림의 카잼TV_Studio CAR JAM
221,셔니구미
222,겟차GETCHA
223,머슬달마
224,SsangyongMotor쌍용자동차
225,플레이앤드
226,비피디 BPD
227,펀드라이버
228,애월조단
229,칸지TV
230,스타카TV
231,털보카
232,정비제이
233,Black Detail
234,한테타 - 한국에서 테슬라 타기
235,안녕마이카2
236,FAB365 3D Printing
237,차형-Funny Car Brothers TV
238,라이더광산
239,차싸남
240,한국교통안전공단 TV
241,뚝심TTUKSSIM
242,쓰리유S
243,아스티즈 에어플로어 시스템 이놈1
244,부시맨의오프로드 캠핑
245,모범시민TV RC카 전문 리뷰
246,고릴라diy car
247,삼성화재 다이렉트
248,박상무TV
249,모토야
250,Musofir Uz
