,channel
1,PONY Syndrome
2,하루한끼 one meal a day
3,Cooking tree 쿠킹트리
4,사나고 Sanago
5,drawholic
6,Thankyou BUBU
7,RISABAE
8,꿀키honeykki
9,TV CHOSUN
10,jenny slime
11,5 분 Tricks
12,RnC Fabrica
13,ssin 씬님
14,Dollightful
15,Wishtrend TV
16,Leesuhyun
17,Imaginative Guy
18,lamuqe
19,NALU
20,스윗더미 . Sweet The MI
21,회사원A
22,다또아Daddoa
23,츄팝
24,빅마블
25,Cheri Hyeri 체리 혜리
26,SOF
27,윤쨔미 YoonCharmi
28,SK telecom
29,쿠킹씨 Cooking See
30,신사임당
31,아내의 식탁 Wife's Cuisine
32,달려라치킨 Dalchi
33,제이제이살롱드핏
34,Saerom Min개코의 오픈스튜디오
35,리아루아 LIALUA
36,UNA 유나
37,yeondukong 연두콩
38,Mimine Miniature 미미네 미니어쳐
39,에바EVA
40,LENA
41,Merry Craft
42,DanoTV
43,kiu기우쌤
44,Yoo's Beauty 희주
45,새벽
46,SIMI TV
47,홀리 holy
48,금강연화
49,마미오븐 MOMMY OVEN
50,다영 DAYEONG
51,맛상무
52,Joan Kim
53,김습습Double Soup
54,긱블 Geekble
55,집꾸미기 House Room Tour
56,깡스타일리스트
57,디렉터 짱구대디
58,DAISY 데이지
59,Mina's TV 미나네TV
60,Troom Troom Kr
61,ShareHows
62,의학채널 비온뒤
63,아하부장_JOHNCOOK
64,KIMDAX킴닥스
65,Team_SeikaTV(팀세이카)
66,meejmuse
67,Drawing Hands
68,샬이 Shal.E
69,리수 Leesu Blooming
70,Yoo True
71,Muggo
72,밤비걸Bambigirl
73,외국힙합갤러리
74,kinda cool 아영
75,딩가의 회전목마 DINGA
76,조꽁드Joconde's Baking
77,비됴클래스
78,이연LEEYEON
79,김소형 채널H
80,onme 온미
81,허수아비
82,수린 suzlnne
83,양장금주부
84,딩고 뷰티 / dingo beauty
85,정육왕 MeatCreator
86,비타민신지니 VitaminJINY
87,JUNGSAEMMOOL
88,골드손Goldson
89,만개의레시피 10K Recipe
90,SWITCHSCISSORS
91,Hands Touch
92,심방골주부Korean Food Recipes
93,이지은 다이어트 Jiny diet
94,free지아
95,sewingtimes
96,이재성 박사의 식탁보감
97,클래씨 ClassyTV
98,호형제TV
99,sobong official
100,하이예나 Hiyena
101,So Young
102,JUCY(쥬씨)
103,하코냥 Hakonyang
104,김작가 TV
105,우린
106,맛불리TV
107,happycooking120180
108,Kyung Sun
109,지화자공작소Zihwaza Workshop
110,혜인HEYNEE 's showindow
111,뚤기ddulgi
112,포키포TV (POKIPO TV)
113,이 남자의 cook
114,트리거15초
115,강쉪
116,YOOTRUE ON AIR
117,띵고 / ddingo
118,Soonseol BAKERY 순백설탕
119,yoloria욜로리아
120,y. na__ homecafe
121,아이비키친ivykitchen
122,쩡대로운 패션생활
123,영자씨의 부엌Young-Ja's Kitchen
124,Future Neighbor
125,네모아저씨
126,달방앗간 dalbangatgan
127,PIPIO TV
128,요가소년
129,815머니톡
130,Banature - 바나뚜레
131,Ariana Bonita 아리아나 보니따
132,Designer Gemma77
133,wit008007
134,친절한 뷰티언니쏭냥
135,Thestory 더스토리
136,교육하는 의사! 이동환TV
137,chuchu mini*kitchen
138,임보라STUDIO PURPLE
139,Maison Olivia
140,Aaron and Claire
141,브레이너 제이의 숙면 여행
142,양품생활
143,hanabono하나보노
144,려리Ryeori
145,HOONION
146,밥팅 Babting
147,앗무만 ATMUMAN
148,Share My Recipes 셰마레
149,김무비 KIM MOVIE
150,떴다왕언니
151,요리보고 조리보고
152,KB금융그룹
153,직방TV
154,Eunjomy 은조미
155,옆집언니 최실장
156,핏더사이즈
157,에뛰드 ETUDE
158,내복곰 Nebokgom
159,고기남자
160,Sarang Choi
161,Korean Gardener 초록식물TV
162,보라끌레르 Bora Claire
163,Dr. Judy 닥터주디 피부과전문의
164,롯본기 김교수
165,Adrienne Hill
166,브리VREE
167,박곰희TV
168,손혜원TV
169,yo cookie
170,쿠킹하루 Cooking Haru
171,최주부 Choi JuBu
172,후다닥요리 Hoodadak Cook
173,김팀장 크래프트Dekay's Crafts
174,뚝딱Tooktak
175,썰맨의맛남TV
176,SEOULITE서울라이트
177,엄마의손맛
178,글리glee
179,쩡이언니
180,상어이모
181,Open the Happy
182,챙잇뷰티 CHAEYOUNG
183,다다데이ᅵDADA DAY
184,세탁설 Laundry SSul
185,Soo Beauty 수뷰티
186,건강오름
187,메리니즈부엌Meliniskitchen
188,램블부부 Ramble Couple
189,건강과 운동은 과학이다
190,ID Hospital Korea Plastic Surgery
191,ERUDA art
192,인테리어 하는 날 NAR tv
193,차홍 CHAHONG
194,SOONSIKI
195,치유 cheeu
196,썸블리
197,지니비Zini B
198,죠셉Joseph
199,APR
200,연우 Yeonwoo
201,해보까Haebokka
202,KKONGJI 꽁지
203,스윗 키친Sweet Kitchen
204,데라세르나de la Serna
205,AliceFunk 앨리스펑크
206,Mi Marido Coreano
207,발품부동산TV - 펜션 전원주택 토지 촌집
208,딩고 패밀리 / dingo family
209,요리9단보현스님
210,듣똑라
211,SangAhTube 상아튜브
212,5분 Tricks 플레이
213,쿠킹스타
214,이니스프리(innisfree)
215,SilverSnow 실버스노우
216,딩고 푸드
217,오조
218,오픈키친 OpenKitchen
219,뽀따TV POTTA TV
220,피부는민동성
221,최불꽃TV
222,캠핑한끼CampingHankki
223,연애고수 TV
224,Kobeomsuk furniture
225,무쌍이다빈 DaBeen
226,꽁주부 Kjubu
227,JohnKOBA Design
228,바른약 바르게__알쓸신약
229,파우더룸
230,쏘얌쿠킹 So Yum Cooking
231,코코네
232,EuniUnni
233,뉴이
234,[윤이련]50년 요리비결
235,Skincare gyul
236,면접왕 이형
237,[하말넘많] heavytalker
238,앤드류의 5분 대백과사전
239,박민수박사
240,부부젤라bubujella
241,김종갑의 경제부동산
242,ssin 씬기록
243,소소황 Cook & Eat
244,"인싸담당자 feat. 자소서, 면접"
245,정라레_Lifestyle Doctor
246,CHAESO 채소
247,돈금술사_족장TV
248,Kitchen Story
249,쌍둥이 엄마 TV
250,정우영의 갑을남녀TV
