,channel
1,영국남자 Korean Englishman
2,양팡 YangPang
3,장삐쭈
4,공대생 변승주 DS
5,JOLLY
6,퇴경아 약먹자
7,COREANO LOCO TV
8,보물섬
9,더블비
10,최고다윽박EUGBAK
11,조재원
12,철구형 (CHULTUBE)
13,Leesuhyun
14,사나이 김기훈
15,급식왕
16,웃소 Wootso
17,박막례 할머니 Korea Grandma
18,수상한녀석들
19,DICKHUNTER딕헌터🌶
20,동네놈들
21,휘트니 whitney bae
22,유정호tv
23,HANA 김하나
24,유병재
25,(MUTUBE)와꾸대장봉준
26,코너Korner
27,밍꼬발랄Mingggo
28,외질혜 (OzilTube)
29,슈카월드
30,스푸닝 Spooning Korean Talk
31,이라이라경 ravely
32,여정을떠난여정
33,1등 미디어
34,최홍철
35,햄튜브
36,악녀
37,비슷해보이즈
38,양세브라더스
39,코코 TV
40,채채ChaeChae
41,뀨러기 [kkyuleogi]
42,이설 Leeseol
43,상현아웃겨줘parksanghyun
44,Ripple_S
45,노래하는코트
46,레이디액션
47,깨방정
48,Ssot쏫
49,주간이상준
50,June Of Dasha
51,조충현
52,[국제커플]Family Kim
53,따규햅번
54,디바걸스
55,광족들
56,VIVO TV - 비보티비
57,마끼아또
58,성명준
59,급식걸즈
60,조두팔
61,뻘컵
62,박병진용사
63,말킥
64,SLGA
65,카피추
66,덕출 : DCTVGO
67,코믹마트
68,Jin and Hattie
69,방울이tv
70,효크포크 Krazy girl
71,팟빵 매불쇼 오피셜
72,피식대학Psick Univ
73,드립팩토리 [Dlib Factory]
74,KBS COMEDY: 크큭티비
75,미니상[이상민]
76,킹클럽KingClub
77,김덕배 이야기
78,문찬2
79,억섭호
80,보송지니Couple
81,면상들
82,보따
83,안재억FUNNYLIFE
84,뇌피셜
85,박담채DAMCHAE
86,수님
87,PAPADOG
88,hanabono하나보노
89,소희짱
90,HOZZAA2
91,니후Nihoo
92,개복어
93,고탱의 비디오 (Goteng)
94,이동형TV
95,싱싱한 싱호
96,강성범tv
97,장추자
98,영평티비 YPTV
99,런앤런 RunandRun
100,폭소바겐[Foksowagen]
101,구공탄
102,김스카이
103,빠더너스 BDNS
104,콩트충
105,심심풀이 TV - TimeKiller
106,돌잼
107,읏맨
108,삼프로
109,욜로코믹스YOLO COMICS
110,수현
111,푸워유튜브
112,Arisha아리샤약국
113,YallaKOREA
114,꼰튜브
115,Sakura Memories
116,Mr. Bin
117,주호민
118,NK채널
119,윈드민 TV WindMin TV
120,박호두 해외선물
121,막나가는패밀리
122,부부젤라bubujella
123,ENa School에나스쿨
124,모과형
125,김그라Kimgra
126,빡성민혜지커플
127,쓰복만
128,일권아놀자
129,마이웨이 영마이 [Yongmai]
130,양팡 생방송 다시보기 채널
131,약속해TV
132,주벤져스Joovengers
133,Kojer
134,채보미[BOMITUBE]
135,오동지
136,오인용데빌
137,급식커플
138,로동복어
139,본격사studio
140,오인분
141,삐상구
142,킴킴변호사
143,스치면홍콩tv
144,핵인싸플레이
145,코코패밀리
146,상남자1
147,앙재은띠
148,헬마우스
149,희극인
150,안영미 강유미의 미미채널
151,김기쁨
152,잘세우는여자 수아SUA
153,티타남 [티익스프레스 타주는 남매]
154,밀란이네 시트콤
155,김다윤
156,차커 Chaco
157,교주[GoZoo]
158,하지
159,갱복치
160,아로치카 あろちか
161,하하 PD HAHA PD
162,이승희
163,노랑남매
164,달밤에체조
165,흑형코미디
166,동빈나
167,내시십분
168,박진주입니다 ParkJinJu
169,더블비툰
170,루시아TV
171,Threeballz쓰리볼즈
172,성용
173,딩굴딩굴
174,쌍둥이오빠
175,사모장의 잡다채널
176,웃음보따리
177,브베ASMR
178,Hyejidaeji해지대지
179,제목학원
180,순자엄마
181,뱅디 Bengdy
182,최고존엄TV
183,삼대독자
184,6번 배달부의 일류전문번역장
185,요고어때
186,구혜리구욤
187,미키광수
188,오도씨(ODOSSI)
189,임성욱
190,Huấn Hoa Hồng
191,Baramgood
192,투빡
193,발가락쌤
194,웃커플[Comic Couple]
195,인호네
196,건우
197,문세윤 최성민 황제성 8216_팔이십육
198,트리키즈
199,시연은애교용
200,섭이네
201,우주최강 스타 최욱TV
202,캡틴 알리 Captain Ali
203,두카TV
204,ᄋᄉᄉᄋ Tube
205,Funny Videos Korea 웃긴 동영상 모음
206,Talk King신상훈
207,갱스타TV
208,광남코믹스
209,장기풍
210,최악의세대2
211,거누파파네 Dog family
212,거꾸로한진용진
213,해자
214,염보성TV
215,유자일로
216,동네애들
217,꽃자
218,컴똘
219,혁부축구
220,회원88
221,최홍자
222,약물중독
223,제카y
224,유리멘탈
225,킥킥티비
226,UngMan
227,외국 꿀잼갤러리
228,기특한토깽
229,유은지
230,식빵월드
231,연남형제
232,BagleBagle바글바글
233,민아TV
234,YeahA
235,나몰라패밀리 핫쇼
236,양대산맥
237,CH.율진린
238,살려즛메SOLMAN
239,돼지공룡
240,알짜 Rzza
241,CHOMMY
242,St Broadcast
243,김무뇌
244,진영민
245,윤덕규
246,코믹부라덜
247,핵잼컴퍼니
248,박준현
249,KnowmSayin유남생
250,민속 - 촌놈들
