,channel
1,Asian Boss
2,YTN NEWS
3,JTBC News
4,신의한수
5,사람사는세상노무현재단
6,SBS 뉴스
7,TBS 시민의방송
8,채널A 뉴스
9,비디오머그 - VIDEOMUG
10,KBS News
11,MBCNEWS
12,딴지방송국
13,신인균의 국방TV
14,뉴스TVCHOSUN
15,Travel Tube
16,Asian Boss Español
17,펜앤드마이크TV
18,채널A 뉴스TOP10
19,14F 일사에프
20,가로세로연구소
21,이봉규TV
22,그것이 알고싶다 공식계정
23,newstapa
24,스브스뉴스 SUBUSU NEWS
25,배승희 변호사
26,공병호TV
27,MBN News
28,고성국TV
29,팩트TV NEWS
30,연합뉴스TV
31,황장수의 뉴스브리핑o
32,조선일보
33,서울의 소리 The Voice of Seoul
34,뉴스타운TV
35,전옥현 안보정론TV
36,쓸모왕
37,김용민TV
38,MediaVOP
39,시사타파TV
40,강명도TV-자유조선
41,OhmynewsTV
42,퍼플튜브
43,조갑제TV
44,언론 알아야 바꾼다
45,김용호연예부장
46,신인균의 군사TV
47,TV홍카콜라
48,한겨레TV
49,쇼킹부동산
50,KTV국민방송
51,뉴스데일리베스트
52,김동길TV
53,황태순TV
54,최고수익률
55,고발뉴스TV
56,이언주TV
57,CBS 김현정의 뉴스쇼
58,MTN 머니투데이방송
59,[공식] 새날
60,K-POP Studio
61,[정광용 TV]레지스탕스TV
62,한국경제TV
63,팩맨TV
64,빨간 아재
65,대한민국 청아대
66,최병묵의 FACT
67,잡식왕
68,MBC PD수첩
69,시사포커스TV
70,노컷브이
71,김문수TV
72,이춘근TV
73,MBC라디오
74,탐사기획 스트레이트
75,저널리즘 토크쇼 J
76,미디어몽구
77,Sion TV
78,김정봉의 안보Focus
79,대한민국 정부
80,돈되는라디오
81,TBS fm 95.1MHz
82,연합뉴스 Yonhapnews
83,고영신TV
84,감동Story N
85,KBS 1라디오
86,KBS더라이브
87,알리미 황희두
88,손상대TV
89,대한민국청와대
90,민영삼TV
91,광화문 뉴스
92,뉴스반장
93,주옥순TV 엄마방송
94,BJ TV
95,Humans of North Korea
96,고양이뉴스
97,얼음사이다
98,태영호TV
99,박찬종TV
100,깡통튜브
101,씨리얼
102,KBS광주
103,양영태 박사TV
104,노래왕
105,댓글 읽어주는 기자들KBS
106,오른소리
107,박주민TV
108,디지틀조선TV
109,신지호의 쿨톡
110,미디어워치TV
111,더깊이10
112,TV baijin
113,청년 황교안TV
114,전희경과 자유의 힘
115,진자유TV
116,취재대행소 왱
117,정치초단
118,이송원TV
119,메가튜브
120,개수작TV
121,일요서울TV
122,서울신문 TheSeoulShinmun
123,뉴스킹
124,안중규TV
125,송국건의 혼술
126,박상후의 문명개화
127,프리덤뉴스
128,디씨멘터리
129,오땅튜브
130,개미애국방송
131,CBS 시사자키 정관용입니다
132,뉴스닷
133,최인호TV
134,허준선생TV
135,김병민 TV
136,유파치
137,김남국TV
138,Canada Korean Broadcast
139,SesameTube 참깨방송
140,국민TV
141,이재명 경기도지사
142,주식전쟁
143,송영선
144,태극전사 TV
145,시사건건
146,윤창중칼럼세상 TV
147,전주MBC Original
148,주성하TV
149,정청래 TV떴다!
150,성창경 TV
151,도봉박홍기
152,정치합시다
153,이애란TV
154,24LIVE NEWS -일산TV
155,진심 TV
156,글로벌디펜스뉴스
157,시사TVCHOSUN
158,ㅤ박형준의 생각TV
159,우종창의 거짓과 진실
160,KTV 최고수다
161,유재일
162,- 채움TV
163,주기자
164,SBSCNBC뉴스
165,최배근TV그러니까 경제
166,TV김재구
167,오펀
168,킴킴변호사
169,곰곰이
170,황경구의 시사창고
171,김정호의 경제TV
172,스나이퍼팀방송
173,MBC 100분토론
174,김동수
175,헬마우스
176,부동산분석왕 TV
177,Koreanet
178,실화 On
179,전여옥TV
180,슈타인즈
181,방미TV
182,퍼펙트경제
183,선대인 TV
184,곽티슈
185,시사저널 TV
186,박시영TV
187,건곤감리
188,세상사
189,안찬일TV
190,상승미소
191,호밀밭의 우원재
192,기자왕 김기자
193,박원순TV
194,이시국에지금
195,씀
196,Bangmo뱅모
197,미디어오늘
198,장준호TV
199,광주MBC
200,클립튜브
201,신작가
202,기독일보
203,「싸꼰」사사건건
204,매일증권TV
205,JBC뉴스
206,뉴스썰TV
207,이낙연TV
208,역TV
209,이병태 TV - FEN
210,KBS대전
211,즐거운라디오
212,소식TV
213,JTBC 이규연의 스포트라이트 TV
214,ROCK- 락TV-
215,구네스북
216,내일은 투자왕 - 김단테
217,지만원 TV
218,궁금TV무엇일까
219,MR.TTOLP
220,서울경제썸 Thumb
221,강후
222,미디어공감
223,고고TV
224,트루퍼미헌
225,매일신문
226,본좌 스튜디오
227,News1 눈TV
228,픽커TV
229,비진튜브
230,도도도
231,곽동수TV
232,뉴비씨
233,김거희TV
234,하모니십TV
235,YTN 돌발영상
236,자유로의 항해 [자항TV]
237,수익맨
238,김상순박사동아시아TV
239,정완진TV
240,주권방송
241,매일경제
242,김성수TV 성수대로
243,류여해TV
244,뉴스와사람들
245,바나바튜브
246,자유의창김재홍
247,이큐채널
248,더깊이TV
249,뉴데일리TV
250,JD부자연구소
