,channel
1,핑크퐁 (인기 동요・동화)
2,베이비버스 -인기 동요・동화
3,뽀로로(Pororo)
4,Evan Kids
5,Serena Art
6,mirrorHD
7,Toy Wizard [토이위자드]
8,디바제시카DeevaJessica
9,English Singsing
10,올리버쌤
11,꼬마버스 타요
12,지니키즈 Genikids (인기 동요・동화)
13,MKTV 김미경TV
14,티디키즈 by 지니키즈
15,공부의신 강성태
16,영알남YAN
17,Talk To Me In Korean
18,세바시 강연 Sebasi Talk
19,깨비키즈 [KEBIKIDS]
20,seemile Korean 씨마일 한국어
21,유라야놀자(Let's play YURA)
22,라이브 아카데미
23,약사가 들려주는 약 이야기
24,닥터프렌즈
25,임한올 Hanol Rim
26,손오공
27,시미켄 TV
28,입시덕후
29,삼프로TV_경제의신과함께
30,지니어드벤쳐GeniAdventure
31,ToyCheff
32,공돌이 용달
33,조승연의 탐구생활
34,ShareHows
35,ConCorea TV
36,주니토니 동요동화 - 키즈캐슬
37,Game Land
38,단희TV
39,Super JoJo-인기동요
40,와빌
41,부동산 읽어주는 남자
42,오마이스쿨
43,Aran TV
44,리틀투니 - 신비아파트 노래·인기 동요·동화
45,단꿈교육 공식 채널
46,아이템의 인벤토리
47,연고티비
48,GENiE ART
49,이상투자그룹
50,또모TOWMOO
51,책그림
52,황현필 한국사
53,ABC Drawing Land
54,CarrieTV Books
55,SLGA
56,포프리쇼
57,Michael Elliott
58,라바 키즈 TUBA
59,빡공시대TV
60,지식한잔
61,Boing Boing Kids
62,닥터U와 함께
63,Aloha Language House
64,재테크읽어주는 파일럿
65,EBS ENGLISH
66,띠띠뽀 띠띠뽀
67,NEO지식창고
68,책갈피
69,TheRankings
70,친절한 대학
71,브릿센트 x 영국영어
72,ごく普通の外国人・がっちゃん
73,편집하는여자
74,과학쿠키 [Science Cookie]
75,STUDYCODE
76,Arty and Banana아티엔바나나
77,플라톤아카데미TV
78,이지성TV
79,써에이스쇼 sirace show
80,코미꼬COMICO
81,성장문답
82,누나IT
83,Alight Motion
84,창원개미TV
85,유튜브 읽어주는 남자
86,Conversational Korean
87,YBM Kinder
88,Topic
89,KBS역사저널 그날
90,러브에코Love Echo
91,Healing우현진
92,yearim TV
93,돌디
94,EO
95,Kids Tv Korea - 어린이동요
96,프랭크쌤영어
97,세상의모든지식
98,Dr.Law이윤규변호사
99,건들건들
100,독서연구소
101,북올림
102,양킹YangKING
103,그릿 영어TV
104,긍정에너지토리파
105,더나은삶TV
106,EBSstory
107,유하다요
108,또선생
109,쪼만한마을jjomanhan
110,김창옥TV
111,지식보관소
112,오빠두엑셀 l 엑셀 강의 대표채널
113,구슬쌤
114,김영호교수의세상읽기
115,김새해 SaehaeKim
116,존리라이프스타일 주식
117,IB 96
118,돈파는가게_세상의 모든 재테크
119,Mox ಠ ᴥ ಠ
120,최고기 Magic Trick
121,이상스쿨
122,피셔인베스트
123,성필립보생태마을
124,닥터딩요
125,최민준의 아들TV
126,내편TV
127,소수몽키
128,이근철 TV
129,""""""
130,키즈현대(Kidshyundai)
131,전인구경제연구소
132,Uncle Jack
133,자세요정 JSYJ
134,딩동TV
135,키글 게임 - KIGLE GAMES
136,놀라운부동산
137,은근한 잡다한 지식
138,노마드 코더 Nomad Coders
139,잘잘법 :잘 믿고 잘 사는 법
140,잭스파이어 Jackspire
141,러닝그라운드
142,놀면서 배우는 심리학
143,KoreanBilly's English
144,책한민국
145,DRGN LAKE STUDIO
146,산골맛집김선생
147,한조바디
148,센서스튜디오
149,라이프에이드
150,하우투 : 하루를 우리에게 투자한다면
151,집코노미TV
152,Funny Collection
153,최재도
154,조여사전성시대
155,신규철 TV
156,Study Abroad in Korea
157,KIMRAHEE김라희
158,정예학원온라인
159,이pd
160,아이쿠TV / IKOOOTV
161,사실들흥미로운
162,밍찌채널
163,Made in May
164,에듀윌 공식유튜브
165,AforU 아포유
166,배나무배나TV
167,조던 피터슨의 일기장
168,별별역사
169,김동호 목사 아카이브
170,넥슨 YouTube
171,황성수힐링스쿨
172,꿀꿀! 페파는 즐거워 - 공식 채널 - Peppa Pig
173,조관일TV
174,조코딩 JoCoding
175,스마트리더
176,엄마 까투리TV
177,Bob The Train Korea - 어린이동요
178,EBS육아학교
179,오픽노잼 opicnojam
180,이준행
181,전병칠
182,한나TV
183,시원스쿨 기초영어 공식 유튜브
184,트니트니 율동 체조
185,KTV스콘
186,라엘왁싱 논현본점
187,문화유산채널[K-HERITAGE.TV]
188,BBS불교방송
189,"무의식 암기 .영어단어,중국어.일본어.한자"
190,와우넷
191,빅키샘Miss Vicky
192,코리아넘버원
193,연애언어TV
194,보건복지TV
195,로이어프렌즈 - 변호사 친구들
196,솔바위농원
197,MasterTOPIK
198,유튜브랩 Youtubelab
199,조블리
200,희망나무 tv
201,지후영어 tv
202,필미필미TV
203,소린TV
204,Gooban
205,최배근TV그러니까 경제
206,캔들스토리TV
207,코치 알버트 Coach Albert
208,애로우잉글리시 Arrow English
209,어션영어BasicEnglish
210,캐내네 스피치
211,김교포
212,Buhay Korea
213,아는 변호사 Korea Lawyer
214,코어소리영어
215,이지영 [Leejiyoung Official]
216,배종찬교수의 맛있는 돈이야기
217,"고구마머리 TV , '만약' 유튜버"
218,경매대마왕
219,버미쌤
220,아이스크림홈런
221,한국직업방송
222,ZakuAurelius
223,나를 성장시켜주는 강의들 x 스킬업라이브
224,이정훈교수 채널
225,CosmoJina코스모지나
226,아그래-역사이야기 채널
227,봉당힐링TV
228,성연구가 이루카
229,연애동
230,문화돋보기
231,메로니
232,영어탈피가 전하는 인싸의 지식 & 코리아
233,아찌의 운동TV
234,달팽이주식
235,Bridge TV
236,지니의영어방송국
237,캐치TV
238,피카토 Phycato
239,EBSi 고교강의
240,하승훈의 대박 주식투자
241,의사친[의사사람친구]
242,정대표
243,지식인미나니
244,재테크와경제 뚝돌TV
245,De prosa na Coreia
246,몰상식
247,DC튜브
248,mlrrorHD
249,인생멘토 임작가
250,한솔교육
