,channel
1,BLACKPINK
2,Big Hit Labels
3,BANGTANTV
4,SMTOWN
5,JYP Entertainment
6,JFlaMusic
7,officialpsy
8,BIGBANG
9,Stone Music Entertainment
10,MBCkpop
11,TWICE
12,iKON
13,Sungha Jung
14,EXO
15,YG ENTERTAINMENT
16,SEVENTEEN
17,KBS Kpop
18,2NE1
19,[Awesome Haeun]어썸하은
20,TOMORROW X TOGETHER OFFICIAL
21,starshipTV
22,MAMAMOO
23,워크맨-Workman
24,Raon Lee
25,Jaeguchi
26,WINNER
27,Red Velvet
28,KARD
29,새송 Saesong
30,ASTRO 아스트로
31,딩고 뮤직 / dingo music
32,창현거리노래방
33,United CUBE (CUBE Entertainment Official YouTube Channel)
34,(G)I-DLE (여자)아이들 (Official YouTube Channel)
35,GIRLS' GENERATION
36,JAY PARK
37,4Minute 포미닛(Official YouTube Channel)
38,NCT 127
39,sment
40,AKMU
41,CHEN
42,SUPER JUNIOR
43,여자친구 GFRIEND OFFICIAL
44,ARIRANG K-POP
45,BTOB 비투비 (Official YouTube Channel)
46,채널 NCT MUSIC
47,버블디아
48,K-Tigers TV
49,OfficialLEEHI
50,BEAST 비스트 (Official YouTube Channel)
51,NU'EST
52,THEBLACKLABEL
53,CL Official Channel
54,dingo freestyle
55,RealVIXX
56,Daily Busking
57,PENTAGON 펜타곤 (Official YouTube Channel)
58,SuperM
59,피키픽처스 Piki Pictures
60,The K-POP
61,GENIE MUSIC
62,UPVOTE Entertainment
63,Chuther츄더[문에스더]
64,채널 NCT
65,Lemoring
66,워너뮤직코리아 (Warner Music Korea)
67,official A.C.E
68,sankok esl
69,Kyungmo Koo
70,YGTAEYANG
71,PLEDIS ENTERTAINMENT
72,YirumaVEVO
73,TJ KARAOKE TJ 노래방 공식 유튜브채널
74,eaJ
75,일반인들의 소름돋는 라이브 / Best covers
76,TSENT2008
77,ONEUS
78,때껄룩ᴛᴀᴋᴇ ᴀ ʟᴏᴏᴋ
79,CL
80,SUPER SOUND Bugs!
81,Rock Music
82,임영웅
83,missA
84,HOLLAND
85,Jenny Yun
86,Han SaRa
87,KONNECT Entertainment
88,선미 SUNMI
89,JoyKids
90,CLC 씨엘씨 (Official YouTube Channel)
91,Kim Miso
92,AOMGOFFICIAL
93,THE BOYZ
94,NIDA
95,wondergirls
96,B1A4 OFFICIAL +
97,SBS Radio 에라오
98,BRANDNEW MUSIC
99,뮤플리
100,TEEN TOP Official
101,MBK Entertainment [Official]
102,OFFICIAL EPIK HIGH
103,A-YEON
104,MUSIC&NEW 뮤직앤뉴
105,GIRL'S DAY
106,코아 TV
107,장범준
108,Charming Jo 조매력
109,Dreamcatcher official
110,Bigman
111,Reynah
112,Tido Kang
113,POYO Music Official
114,듣고가소민ListenSomin
115,Weki Meki 위키미키
116,HYOLYN 효린
117,TOP MEDIA
118,Mellowbeat Seeker
119,Trouble Maker (Official YouTube Channel)
120,NAVER VIBE
121,그렉형 Greg
122,KBS KONG
123,INFINITE
124,Dragon Stone
125,Happyface entertainment
126,YUNI Marimba 유니 마림바
127,하늘이와 바다의 신나는 율동 동요 (SkySea.TV)
128,Butterlate
129,DSP Kara
130,달마발 Darlim&Hamabal
131,차진혁
132,Sasha Lee
133,앙 작비띠
134,힐링트리뮤직 Healing Tree Music & Sounds
135,노래하는하람
136,TVXQ!
137,AB6IX
138,Samuel OFFICIAL
139,[#vbexit] VoiceBand EXIT
140,Block B
141,Beginagain 비긴어게인
142,U-KISS
143,온스테이지ONSTAGE
144,PianiCast - 피아니캐스트
145,Travys Kim
146,설레임 에디션 ♬
147,The Rose
148,yurisa
149,DAZBEE official
150,Official fromis_9
151,김동우
152,fx
153,AleXa • ZB Label
154,Zaty Farhani
155,San E
156,기몽초
157,권민제 MINJE KWON
158,염따
159,Flow Music
160,Areia Creations
161,Healing Meditation
162,J.Y. Park
163,YMCent
164,읏추읏추
165,pops8090
166,Jason Coreano
167,H1GHR MUSIC
168,E Hyuk TV
169,여수MBC Music+(Kpop&Trot)
170,달지
171,IU
172,TheGsd
173,이상한 나라의 꿩유갱 Sandy Kwon
174,SisterSOON
175,PRISTIN
176,WOODZ
177,stellajangtv
178,Grab the Guitar
179,정훈남JHN STUDIO
180,ygconcert
181,또또밥
182,안동MBC MUSIC
183,정동원TV
184,KBS창원 뮤직
185,Hi-Lite Records
186,PianoplayerElijah
187,K-POP Studio
188,미러볼 뮤직 - Mirrorball Music
189,팟빵 매불쇼 오피셜
190,DJ DOG
191,Official Paul Kim
192,옌 YEN
193,류정란
194,Pianoheart
195,YUJIN GUITAR
196,미니상[이상민]
197,orange jellybean
198,Yellow Mixtape
199,Bongyoung Park
200,Yohan Kim
201,VLENDING 블렌딩
202,SENSATION K
203,체칠리아kim sunog
204,미스틱스토리 MYSTIC STORY
205,DSPmedia
206,손앙드레
207,Yng & Rich Records
208,아카펠라 나린_Narin
209,BoA
210,김도고 Doggo Kim 강아지 리믹스
211,rhybeat 리빗
212,요요미 - YOYOMI
213,GROOVYROOM
214,10CM_Official
215,2COLOR투컬러
216,Napkins Music
217,OfficialSe7en
218,Blue.D Official
219,Music playlist Streamy
220,지라라
221,Swings
222,카페인기타
223,DanceVersionHD
224,KozyPop
225,목포MBC 가요센터
226,Golden Child
227,OnlyOneOf official
228,OfficialSEUNGYOON
229,SM STATION
230,Crush
231,friendz.net
232,SOURCE MUSIC
233,essential;
234,ONEWE
235,3YE OFFICIAL
236,MARKERS WORSHIP
237,Korea Beatbox TV
238,임한별
239,조아람
240,네고막을책임져도될까
241,Brilliant
242,DanalEntertainment
243,ROLLING
244,SEOUL MUSIC / 서울뮤직
245,김광연
246,미기MIGI TV
247,Sony Music Korea
248,2am
249,Brown Eyed Girls
250,CROSS GENE 크로스진
